AI_Seq_Index,AI_Sequence,Toxin_Index,Toxin_Sequence,Similarity
52,TLKAAVDAGLAK,53,QPSKDAFIGLM,0.4166666666666667
167,QIIEALGRVKDYVDKCNAAFGVKP,79,MAQDIISTIGDLVKWIIDTVNKFTKK,0.4230769230769231
206,FGEMFPWKAY,111,GDCPWKPWC,0.4
237,VIFWPLFLSVR,7,RIKIGLFDQLSRL,0.46153846153846156
315,QDIQAFLKN,53,QPSKDAFIGLM,0.45454545454545453
402,IEKGEIDAGVVL,53,QPSKDAFIGLM,0.4166666666666667
523,MDGMTACKQIKALYPNIKVILSSGYFLEGTAQEIQEQGAAGFIQKPYSLRDLSQKVRELLGT,6,MFKQLILLALAAVFLLINISSAEPAAEPNANAEPLAEASAEPRIKIGLFDQLSKLG,0.4032258064516129
532,IKYISRKQPIRLSQI,7,RIKIGLFDQLSRL,0.4
544,IYKHLKQLNL,7,RIKIGLFDQLSRL,0.46153846153846156
552,KRQDQRCIRLFNLHL,7,RIKIGLFDQLSRL,0.4
572,AARLDGATSWQTFWRLVFPALMPALATVGLLAFLGSWNEFIYAALFLNREQLLTLPVGLSYFVTQYGTNWGMIMAVAGVAVLPMLLLFLFLQRRIVEGITYTGIKG,3,MALWMRLLPLLALLALWGPDPAAAFVNQHLCGSHLVEALYLVCGERGFFYTPKTRREAEDLQVGQVELGGGPGAGSLQPLALEGSLQKRGIVEQCCTSICSLYQLENYCN,0.4
632,QLANAAGNYRFVIEADRLPSGAEEFVAWSHADGEGLLPSLTGLRVLTACGNEPQLSNARKVLLMGWL,87,MKFLVNVALVFMVVYISYIYAAPEPEPAPEPEAEADAEADPEAGIGAVLKVLTTGLPALISWIKRKRQQG,0.4
794,ILIILVFLIFYLL,7,RIKIGLFDQLSRL,0.46153846153846156
805,QKARGYEQLLEL,53,QPSKDAFIGLM,0.4166666666666667
862,LSKEDFSALLNYLSTLEKNETPKVEKKLTDKEIEDTYDKWTSFKENPIQTYKDEDPIVFKLKIEGSQKLSK,8,MSKVTTVFIGALVLLLLIENGFSCTNPGKKRCNAKCSTHCDCKDGPTHNFGAGPVQCKKCTYQFKGEAYCKQ,0.4027777777777778
929,IKHYAILKGFTSNP,7,RIKIGLFDQLSRL,0.42857142857142855
