Name,UniProt ID,Sequence,MolecularWeight,Aromaticity,InstabilityIndex,IsoelectricPoint,GRAVY,Length
918.3541672,A8W7M4,MSDINATRLPIWGIGCNPCVGDDVTTLLTRGEALC,3706.2522,0.028571429,7.82,4.225490379,0.308571429,35
788.3163251,A8W7P3,MSDINATRLPAWLATCPCAGDDVNPLLTRGE,3301.7276,0.032258065,37.93870968,4.456995583,-0.04516129,31
846.3218044,A0A023UBY3,PAWLVDCPCVGDDINRLLTRGEK,2570.9407,0.043478261,7.926086957,4.685204124,-0.213043478,23
,P01308,MALWMRLLPLLALLALWGPDPAAAFVNQHLCGSHLVEALYLVCGERGFFYTPKTRREAEDLQVGQVELGGGPGAGSLQPLALEGSLQKRGIVEQCCTSICSLYQLENYCN,11980.7866,0.081818182,40.33281818,5.2185812,0.192727273,110
,P02879,MKPGGNTIVIWMYAVATWLCFGSTSGWSFTLEDNNIFPKQYPIINFTTAGATVQSYTNFIRAVRGRLTTGADVRHEIPVLPNRVGLPINQRFILVELSNHAELSVTLALDVTNAYVVGYRAGNSAYFFHPDNQEDAEAITHLFTDVQNRYTFAFGGNYDRLEQLAGNLRENIELGNGPLEEAISALYYYSTGGTQLPTLARSFIICIQMISEAARFQYIEGEMRTRIRYNRRSAPDPSVITLENSWGRLSTAIQESNQGAFASPIQLQRRNGSKFSVYDVSILIPIIALMVYRCAPPPSSQFSLLIRPVVPNFNADVCMDPEPIVRIVGRNGLCVDVRDGRFHNGNAIQLWPCKSNTDANQLWTLKRDNTIRSNGKCLTTYGYSPGVYVMIYDCNTAATDATRWQIWDNGTIINPRSSLVLAATSGNSGTTLTVQTNIYAVSQGWLPTNNTQPFVTTIVGLYGLCLQANSGQVWIEDCSSEKAEQQWALYADGSIRPQQNRDNCLTSDSNIRETVVKILSCGPASSGQRWMFKNDGTILNLYSGLVLDVRASDPSLKQIILYPLHGDPNQIWLPLF,64089.8032,0.100694444,39.03055556,6.34268589,-0.152604167,576
2025.886607,P01500,MISMLRCIYLFLSVILITSYFVTPVMPCNCKAPETALCARRCQQHG,5223.3411,0.086956522,48.49565217,8.768941307,0.693478261,46
,P69391,MFKQLILLALAAVFLLINISSAEPAAEPNANAEPLAEASAEPRIKIGLFDQLSKLG,5919.8834,0.053571429,39.58928571,4.713964653,0.530357143,56
,P69392,RIKIGLFDQLSRL,1558.866,0.076923077,20.47692308,10.83502407,0.161538462,13
,Q5UB45,MSKVTTVFIGALVLLLLIENGFSCTNPGKKRCNAKCSTHCDCKDGPTHNFGAGPVQCKKCTYQFKGEAYCKQ,7834.1107,0.083333333,33.13333333,9.001607704,-0.225,72
,P41736,FLPLLILGSLLMTPPVIQAIHDAQRG,2814.3905,0.038461538,39.61923077,6.744537544,0.903846154,26
,P15969,MMKFVVFLACLFVAAHSFAVEGEEEYFEAEVPELERAKALPPGSVCDGNESDCKCYGKWHKCRCPWKWHFTGEGPCTCEKGMKHTCITKLHCPNKAEWGLDWRSEESERSPC,12807.5622,0.116071429,53.79107143,5.720981026,-0.492857143,112
,P56207,SPTCIPSGQPCPYNENCCSQSCTFKENENGNTVKRCD,4055.4237,0.054054054,72.18918919,5.00543499,-1.02972973,37
,P13494,CAKKRNWCGKTEDCCCPMKCVYAWYNEQGSCQSTISALWKKC,4855.6665,0.119047619,56.63333333,8.701249504,-0.573809524,42
,P01478,CAKKRNWCGKNEDCCCPMKCIYAWYNQQGSCQTTITGLFKKC,4856.6975,0.119047619,32.14285714,8.884210777,-0.592857143,42
,P60590,MKAQIFVVVLGLAALSVLCYGSEADESALHEEIFQLLAASDEVPKPQERDCVRFWGKCSQTSDCCPHLACKSKWPRNICVWDGSVGK,9600.9902,0.08045977,33.32413793,5.561320305,0.010344828,87
,P56676,MRASMFLALAGLVLLFVVCYASESEEKEFPRELLFKFFAVDDFKGEERACKGVFDACTPGKNECCPNRVCSDKHKWCKWKL,9318.8466,0.135802469,42.95308642,7.530052376,-0.083950617,81
,P23631,MISVGEIMERANHSLVRMRREGEDLTLEEKAEICSELELQQKYVDIASNIIGDLSSLPIAGKIAGTIAAAAMTATHVASGRLDIEQTLLGCSDLPFDQIKEVLENRFNEIDRKLDSHSAALEEITKLVEKSISVVEKTRKQMNKRFDEVMKSIQDAKVSPIISKINNFARYFDTEKERIRGLKLNDYILKLEEPNGILLHFKESRTPTDDSLQAPLFSIIEEGYAVPKSIDDELAFKVLYALLYGTQTYVSVMFFLLEQYSFLANHYYEKGYLEKYDEYFNSLNNVFLDFKSSLVGTGTSNNEGLLDRVLQVLMTVKNSEFLGLEKNGVDEMLNEKINLFNKIKEEIEGKQKMTLSETPENFAQISFDKDITTPIGDWRDGREVRYAVQYASETLFSKISHWSDPVSVREKACPTLRMPVDQTRRNVLVFRKFDSSKPQLVGEITPYLSNFIDIDRDLYNAASNPDSAVGFKEFTKLNYDGANIRATFDHGRTVFHAAAKSGNDKIMFGLTFLAKSTELNQPDKKGYTPIHVAADSGNAGIVNLLIQRGVSINSKTYHFLQTPLHLAAQRGFVTTFQRLMESPEININERDKDGFTPLHYAIRGGERILEAFLNQISIDVNAKSNTGLTPFHLAIIKNDWPVASTLLGSKKVDINAVDENNITALHYAAILGYLETTKQLINLKEINANVVSSPGLLSALHYAILYKHDDVASFLMRSSNVNVNLKALGGITPLHLAVIQGRKQILSLMFDIGVNIEQKTDEKYTPLHLAAMSKYPELIQILLDQGSNFEAKTNSGATPLHLATFKGKSQAALILLNNEVNWRDTDENGQMPIHGAAMTGLLDVAQAIISIDATVVDIEDKNSDTPLNLAAQNSHIDVIKYFIDQGADINTRNKKGLAPLLAFSKKGNLDMVKYLFDKNANVYIADNDGMNFFYYAVQNGHLNIVKYAMSEKDKFEWSNTDNNRRDECPNEECAISHFAVCDAVQFDRIEIVKYFVGTLGNFAICGPLHQAARYGHLDIVKYLVEEEFLSVDGSKTDTPLCYASENGHFTVVQYLVSNGAKVNHDCGNGMTAIDKAITKNHLQVVQFLAANGVDFRRKNSRGTTPFLTAVAENALHIAEYLIREKRQDININEQNVDKDTALHLAVYYKNLQMIKLLIKYGIDVTIRNAYDKTALDIAIDAKFSNIVEYLKTKSGKFRREYKSSYGERSLLQTNQISNFIDRKNIEHDHPLFINADNESSELFSKTASNIDVIGTLLLIDVLIRYFSKQGYISKESDSASDGITQAAALSITEKFEDVLNSLHNESAKEQVDLAEVHGKVYAALKSGRNSQIHQILCSSLNSISTLKPEDMEKLESVIMNSHSSVSLPEVTDSANEAYGETLHLFGESCLHSDGILTKKLM,156855.1127,0.082798001,32.62234832,5.613157463,-0.264025696,1401
,P61230,YCQKWMWTCDSARKCCEGLVCRLWCKKII,3555.3346,0.137931034,28.55862069,8.902971077,-0.051724138,29
,P60991,DCTRMFGACRRDSDCCPHLGCKPTSKYCAWDGTI,3798.3378,0.088235294,53.18235294,7.781092262,-0.505882353,34
,P81790,MKMKLLGIILLVSFPFVLGFAGIPIEEGENSVEVGEVERSCINVGDFCDGKKDDCQCCRDNAFCSCSVIFGYKTNCRCEVGTTATSYGICMAKHKCGRQTTCTKPCLSKRCKKNHG,12677.7399,0.068965517,34.94224138,8.385934639,-0.072413793,116
,P58425,DCGTIWHYCGTDQSECCEGWKCSRQLCKYVIDW,3917.3871,0.151515152,72.92121212,4.828381538,-0.53030303,33
,P46110,GVPINVKCTGSPQCLKPCKDAGMRFGKCINGKCHCTPK,4020.8382,0.026315789,40.65526316,9.303835487,-0.342105263,38
,P13487,MKILSVLLLALIICSIVGWSEAQFTNVSCTTSKECWSVCQRLHNTSRGKCMNKKCRCYS,6673.9189,0.06779661,44.04237288,9.179798317,0.194915254,59
,P45639,MCMPCFTTDHQMARKCDDCCGGKGRGKCYGPQCLCR,4004.7576,0.055555556,37.90833333,8.496820259,-0.547222222,36
,O46028,MEGIAKITLILLFLFVTMHTFANWNTEAAVCVYRTCDKDCKRRGYRSGKCINNACKCYPYGK,7131.3784,0.129032258,38.56935484,9.192305183,-0.067741935,62
,P01391,IRCFITPDITSKDCPNGHVCYTKTWCDAFCSIRGKRVDLGCAATCPTVKTGVDIQCCSTDNCNPFPTRKRP,7831.0062,0.070422535,18.72676056,8.599453926,-0.287323944,71
,P82850,GHACYRNCWREGNDEETCKERCG,2716.923,0.086956522,46.20869565,5.593434334,-1.626086957,23
2095.880853,P24663,QFTDVDCSVSKECWSVCKDLFGVDRGKCMGKKCRCYQ,4253.9256,0.108108108,17.73243243,8.308637047,-0.443243243,37
,P59868,GDCLPHLKRCKADNDCCGKKCKRRGTNAEKRCR,3764.3997,0,50.94545455,9.498916817,-1.436363636,33
,P59888,MHTPKHAIQRISKEEMEFFEGRCERMGEADETMWGTKWCGSGNEATDISELGYWSNLDSCCRTHDHCDNIPSGQTKYGLTNEGKYTMMNCKCETAFEQCLRNVTGGMEGPAAGFVRKTYFDLYGNGCYNVQCPSQRRLARSEECPDGVATYTGEAGYGAWAINKLNG,18663.6113,0.101796407,32.46646707,5.246375465,-0.733532934,167
,Q9NII7,MKVFFAVLITLFICSMIIGIHGVGINVKCKHSGQCLKPCKDAGMRFGKCINGKCDCTPKG,6461.9097,0.066666667,2.683333333,9.301643562,0.478333333,60
,P24662,GVEINVKCSGSPQCLKPCKDAGMRFGKCMNRKCHCTPK,4155.9832,0.026315789,49.07894737,9.303448677,-0.571052632,38
,P45696,MKVFSAVLIILFVCSMIIGINAVRIPVSCKHSGQCLKPCKDAGMRFGKCMNGKCDCTPK,6392.8693,0.050847458,24.1220339,9.329751778,0.518644068,59
,P59290,VGIPVSCKHSGQCIKPCKDAGMRFGKCMNRKCDCTPK,4027.854,0.027027027,28.46486486,9.303061867,-0.472972973,37
,P58910,KIDGYPVDYWNCKRICWYNNKYCNDLCKGLKADSGYCWGWTLSCYCQGLPDNARIKRSGRCRA,7394.4207,0.158730159,38.31587302,8.990648079,-0.733333333,63
,P40755,TIINVKCTSPKQCLPPCKAQFGQSAGAKCMNGKCKCYPH,4184.9962,0.051282051,58.28974359,9.270311928,-0.356410256,39
,P80719,VSCTGSKDCYAPCRKQTGCPNAKCINKSCKCYGC,3621.2423,0.058823529,60.97352941,8.895815086,-0.485294118,34
,P08815,TIINVKCTSPKQCSKPCKELYGSSAGAKCMNGKCKCYNN,4201.9357,0.051282051,31.80512821,9.216351891,-0.574358974,39
,P16341,AFCNLRMCQLSCRSLGLLGKCIGDKCECVKH,3430.1663,0.032258065,43.48387097,8.679136848,0.274193548,31
491.8119828,P0C182,TFIDVDCTVSKECWAPCKAAFGVDRGKCMGKKCKCYV,4091.8646,0.108108108,31.02162162,8.611445045,0.002702703,37
,P59869,AFCNLRRCELSCRSLGLLGKCIGEECKCVPY,3465.1442,0.064516129,82.35806452,8.343836784,0.203225806,31
,P68410,MKGFLLFISILMMIGTIVVGKEGYAMDHEGCKFSCFIRPAGFCDGYCKTHLKASSGYCAWPACYCYGVPDHIKVWDYATNKCGK,9348.9796,0.154761905,32.56190476,8.4257761,0.213095238,84
894.4765569,P60615,MKTLLLTLVVVTIVCLDLGYTIVCHTTATSPISAVTCPPGENLCYRKMWCDAFCSSRGKVVELGCAATCPSKKPYEEVTCCSTDKCNPHPKQRPG,10285.0638,0.052631579,30.15789474,8.307798958,0.110526316,95
894.4765569,P00987,MSSGGLLLLLGLLTLCAELIPVSSRQRHRDCDKPPDKGNCGPVRRAFYYDTRLKTCKAFQYRGCNGNGNHFKTETLCRCECLVYP,9571.0454,0.082352941,40.36247059,9.029006767,-0.377647059,85
,P22947,RICYIHKASLPRATKTCVENTCYKMFIRTQREYISERGCGCPTAMWPYQTECCKGDRCNK,7044.1792,0.1,36.10833333,9.032165718,-0.685,60
,P81658,WQPPWYCKEPVRIGSCKKQFSSFYFKWTAKKCLPFLFSGCGGNANRFQTIGECRKKCLGK,6986.1806,0.183333333,52.07683333,9.741575813,-0.53,60
,P60304,MKTLLLTLVVVTIVCLDLGYTLKCNKLIPIASKTCPAGKNLCYKMFMMSDLTIPVKRGCIDVCPKNSLLVKYVCCNTDRCN,8992.0204,0.049382716,26.02098765,9.054858589,0.540740741,81
,O57540,MKILYLLFAFLFLAFLSEPGNAYKQCHKKGGHCFPKEKICIPPSSDFGKMDCRWRWKCCKKGSGK,7518.9835,0.153846154,55.51538462,9.53908062,-0.283076923,65
,P08878,MRALWIVAVLLVGVEGSLVEFETLMMKIAGRSGISYYSSYGCYCGAGGQGWPQDASDRCCFEHDCCYAKLTGCDPTTDVYTYRQEDGEIVCGEDDPCGTQICECDKAAAICFRNSMDTYDYKYLQFSPENCQGESQPC,15272.999,0.115942029,33.29855072,4.210541725,-0.244927536,138
,O93426,MGRFIFVSFGLLVLFLSLSGTGAGLHCPSDWYYYDQHCYRIFNEEMNWEDAEWFCTKQAKGAHLVSIKSAKEADFVAWMVTQNIEESFSHVSIGLRVQNKEKQCSTKWSDGSSVSYDNLLDLYITKCSLLKKETGFRKWFVASCIGKIPFVCKFPPQC,18140.6734,0.151898734,34.73670886,7.544830513,-0.098101266,158
,P00979,QPLRKLCILHRNPGRCYQKIPAFYYNQKKKQCEGFTWSGCGGNSNRFKTIEECRRTCIRK,7155.2876,0.116666667,55.11516667,9.926857948,-1.02,60
,Q9PS08,TMCYSHTTTSRAILTNCGENSCYRKSRVHP,3417.8329,0.066666667,22.2,9.098181343,-0.73,30
,Q7LZE4,MSSGGLLLLLGLLTLWEVLTPVSSKDRPKFCHLPPKPGPCRAAIPRFYYNPHSKQCEKFIYGGCHGNANSFKTPDECNYTCLGVSLPK,9711.2563,0.102272727,46.50352273,9.001736641,-0.209090909,88
,P62933,QPSKDAFIGLM,1206.4109,0.090909091,44.10909091,5.835682106,0.1,11
,P81662,SELAGTIIDGASLTFEVLDKVLGELGKVSRKIAVGIDNESGGTWTALNAYFRSGTTDVILPEVVPNTKALLYSGRKSSGPVATGAVAAFAYYMSNGNTLGVMFSVPFDYNWYSNWWDVKIYPGKRRADQGMYEDMYYGNPYRGDNGWYQKNLGYGLRMKGIMTSAGEAKMQIKISR,19390.7724,0.130681818,25.93806818,8.959187508,-0.276136364,176
,P0C1Q6,MKNTILILFTAFIALLGFFGMSAEALADPIADPLAGPNAEADPEAIKWKAILDAVKKVIG,6313.425,0.083333333,20.71333333,4.660024452,0.683333333,60
,P59847,TVIDVKCTSPKQCLPPCKAQFGIRAGAKCMNGKCKCYPH,4226.0912,0.051282051,44.84615385,9.269925117,-0.253846154,39
,P60254,GDCLPHLKLCKENKDCCSKKCKRRGTNIEKRCR,3864.5983,0,77.44545455,9.455916405,-1.287878788,33
,P01476,YKQCHKKGGHCFPKEKICIPPSSDLGKMDCRWKWKCCKKGSG,4827.7476,0.095238095,60.9047619,9.47287159,-1.04047619,42
,P00614,NLLQFGFMIRCANRRSRPVWHYMDYGCYCGKGGSGTPVDDLDRCCQVHDECYGEAVRRFGCAPYWTLYSWKCYGKAPTCNTKTRCQRFVCRCDAKAAECFARSPYQNSNWNINTKARCR,13828.6793,0.142857143,52.72352941,9.068010139,-0.654621849,119
,P01530,GVSCLCDSDGPSVRGNTLSGTLWLYPSGCPSGWHNCKAHGPTIGWCCKQ,5137.7683,0.081632653,61.99183673,7.792180824,-0.240816327,49
,P14531,MKTQVLALFVLCVLFCLAESRTTLNKRNDIEKRIECKCEGDAPDLSHMTGTVYFSCKGGDGSWSKCNTYTAVADCCHQA,8727.9832,0.075949367,47.35443038,6.682185173,-0.110126582,79
,P40136,MTRNKFIPNKFSIISFSVLLFAISSSQAIEVNAMNEHYTESDIKRNHKTEKNKTEKEKFKDSINNLVKTEFTNETLDKIQQTQDLLKKIPKDVLEIYSELGGEIYFTDIDLVEHKELQDLSEEEKNSMNSRGEKVPFASRFVFEKKRETPKLIINIKDYAINSEQSKEVYYEIGKGISLDIISKDKSLDPEFLNLIKSLSDDSDSSDLLFSQKFKEKLELNNKSIDINFIKENLTEFQHAFSLAFSYYFAPDHRTVLELYAPDMFEYMNKLEKGGFEKISESLKKEGVEKDRIDVLKGEKALKASGLVPEHADAFKKIARELNTYILFRPVNKLATNLIKSGVATKGLNVHGKSSDWGPVAGYIPFDQDLSKKHGQQLAVEKGNLENKKSITEHEGEIGKIPLKLDHLRIEELKENGIILKGKKEIDNGKKYYLLESNNQVYEFRISDENNEVQYKTKEGKITVLGEKFNWRNIEVMAKNVEGVLKPLTADYDLFALAPSLTEIKKQIPQKEWDKVVNTPNSLEKQKGVTNLLIKYGIERKPDSTKGTLSNWQKQMLDRLNEAVKYTGYTGGDVVNHGTEQDNEEFPEKDNEIFIINPEGEFILTKNWEMTGRFIEKNITGKDYLYYFNRSYNKIAPGNKAYIEWTDPITKAKINTIPTSAEFIKNLSSIRRSSNVGVYKDSGDKDEFAKKESVKKIAGYLSDYYNSANHIFSQEKKRKISIFRGIQAYNEIENVLKSKQIAPEYKNYFQYLKERITNQVQLLLTHQKSNIEFKLLYKQLNFTENETDNFEVFQKIIDEK,92476.7811,0.1,33.181625,6.740615654,-0.704125,800
,P13423,MKKRKVLIPLMALSTILVSSTGNLEVIQAEVKQENRLLNESESSSQGLLGYYFSDLNFQAPMVVTSSTTGDLSIPSSELENIPSENQYFQSAIWSGFIKVKKSDEYTFATSADNHVTMWVDDQEVINKASNSNKIRLEKGRLYQIKIQYQRENPTEKGLDFKLYWTDSQNKKEVISSDNLQLPELKQKSSNSRKKRSTSAGPTVPDRDNDGIPDSLEVEGYTVDVKNKRTFLSPWISNIHEKKGLTKYKSSPEKWSTASDPYSDFEKVTGRIDKNVSPEARHPLVAAYPIVHVDMENIILSKNEDQSTQNTDSQTRTISKNTSTSRTHTSEVHGNAEVHASFFDIGGSVSAGFSNSNSSTVAIDHSLSLAGERTWAETMGLNTADTARLNANIRYVNTGTAPIYNVLPTTSLVLGKNQTLATIKAKENQLSQILAPNNYYPSKNLAPIALNAQDDFSSTPITMNYNQFLELEKTKQLRLDTDQVYGNIATYNFENGRVRVDTGSNWSEVLPQIQETTARIIFNGKDLNLVERRIAAVNPSDPLETTKPDMTLKEALKIAFGFNEPNGNLQYQGKDITEFDFNFDQQTSQNIKNQLAELNATNIYTVLDKIKLNAKMNILIRDKRFHYDRNNIAVGADESVVKEAHREVINSSTEGLLLNIDKDIRKILSGYIVEIEDTEGLKEVINDRYDMLNISSLRQDGKTFIDFKKYNDKLPLYISNPNYKVNVYAVTKENTIINPSENGDTSTNGIKKILIFSKKGYEIG,85809.964,0.077225131,31.6145288,5.877970314,-0.60013089,764
,P15917,MNIKKEFIKVISMSCLVTAITLSGPVFIPLVQGAGGHGDVGMHVKEKEKNKDENKRKDEERNKTQEEHLKEIMKHIVKIEVKGEEAVKKEAAEKLLEKVPSDVLEMYKAIGGKIYIVDGDITKHISLEALSEDKKKIKDIYGKDALLHEHYVYAKEGYEPVLVIQSSEDYVENTEKALNVYYEIGKILSRDILSKINQPYQKFLDVLNTIKNASDSDGQDLLFTNQLKEHPTDFSVEFLEQNSNEVQEVFAKAFAYYIEPQHRDVLQLYAPEAFNYMDKFNEQEINLSLEELKDQRMLARYEKWEKIKQHYQHWSDSLSEEGRGLLKKLQIPIEPKKDDIIHSLSQEEKELLKRIQIDSSDFLSTEEKEFLKKLQIDIRDSLSEEEKELLNRIQVDSSNPLSEKEKEFLKKLKLDIQPYDINQRLQDTGGLIDSPSINLDVRKQYKRDIQNIDALLHQSIGSTLYNKIYLYENMNINNLTATLGADLVDSTDNTKINRGIFNEFKKNFKYSISSNYMIVDINERPALDNERLKWRIQLSPDTRAGYLENGKLILQRNIGLEIKDVQIIKQSEKEYIRIDAKVVPKSKIDTKIQEAQLNINQEWNKALGLPKYTKLITFNVHNRYASNIVESAYLILNEWKNNIQSDLIKKVTNYLVDGNGRFVFTDITLPNIAEQYTHQDEIYEQVHSKGLYVPESRSILLHGPSKGVELRNDSEGFIHEFGHAVDDYAGYLLDKNQSDLVTNSKKFIDIFKEEGSNLTSYGRTNEAEFFAEAFRLMHSTDHAERLKVQKNAPKTFQFINDQIKFIINS,93769.1352,0.085290482,42.28726823,5.621058083,-0.635970334,809
,P04977,MRCTRAIRQTARTGWLTWLAILAVTAPVTSPAWADDPPATVYRYDSRPPEDVFQNGFTAWGNNDNVLDHLTGRSCQVGSSNSAFVSTSSSRRYTEVYLEHRMQEAVEAERAGRGTGHFIGYIYEVRADNNFYGAASSYFEYVDTYGDNAGRILAGALATYQSEYLAHRRIPPENIRRVTRVYHNGITGETTTTEYSNARYVSQQTRANPNPYTSRRSVASIVGTLVRMAPVIGACMARQAESSEAMAAWSERAGEAMVLVYYESIAYSF,29973.8876,0.115241636,45.87215613,6.968937874,-0.412639405,269
,P0DKX7,MQQSHQAGYANAADRESGIPAAVLDGIKAVAKEKNATLMFRLVNPHSTSLIAEGVATKGLGVHAKSSDWGLQAGYIPVNPNLSKLFGRAPEVIARADNDVNSSLAHGHTAVDLTLSKERLDYLRQAGLVTGMADGVVASNHAGYEQFEFRVKETSDGRYAVQYRRKGGDDFEAVKVIGNAAGIPLTADIDMFAIMPHLSNFRDSARSSVTSGDSVTDYLARTRRAASEATGGLDRERIDLLWKIARAGARSAVGTEARRQFRYDGDMNIGVITDFELEVRNALNRRAHAVGAQDVVQHGTEQNNPFPEADEKIFVVSATGESQMLTRGQLKEYIGQQRGEGYVFYENRAYGVAGKSLFDDGLGAAPGVPSGRSKFSPDVLETVPASPGLRRPSLGAVERQDSGYDSLDGVGSRSFSLGEVSDMAAVEAAELEMTRQVLHAGARQDDAEPGVSGASAHWGQRALQGAQAVAAAQRLVHAIALMTQFGRAGSTNTPQEAASLSAAVFGLGEASSAVAETVSGFFRGSSRWAGGFGVAGGAMALGGGIAAAVGAGMSLTDDAPAGQKAAAGAEIALQLTGGTVELASSIALALAAARGVTSGLQVAGASAGAAAGALAAALSPMEIYGLVQQSHYADQLDKLAQESSAYGYEGDALLAQLYRDKTAAEGAVAGVSAVLSTVGAAVSIAAAASVVGAPVAVVTSLLTGALNGILRGVQQPIIEKLANDYARKIDELGGPQAYFEKNLQARHEQLANSDGLRKMLADLQAGWNASSVIGVQTTEISKSALELAAITGNADNLKSVDVFVDRFVQGERVAGQPVVLDVAAGGIDIASRKGERPALTFITPLAAPGEEQRRRTKTGKSEFTTFVEIVGKQDRWRIRDGAADTTIDLAKVVSQLVDANGVLKHSIKLDVIGGDGDDVVLANASRIHYDGGAGTNTVSYAALGRQDSITVSADGERFNVRKQLNNANVYREGVATQTTAYGKRTENVQYRHVELARVGQLVEVDTLEHVQHIIGGAGNDSITGNAHDNFLAGGSGDDRLDGGAGNDTLVGGEGQNTVIGGAGDDVFLQDLGVWSNQLDGGAGVDTVKYNVHQPSEERLERMGDTGIHADLQKGTVEKWPALNLFSVDHVKNIENLHGSRLNDRIAGDDQDNELWGHDGNDTIRGRGGDDILRGGLGLDTLYGEDGNDIFLQDDETVSDDIDGGAGLDTVDYSAMIHPGRIVAPHEYGFGIEADLSREWVRKASALGVDYYDNVRNVENVIGTSMKDVLIGDAQANTLMGQGGDDTVRGGDGDDLLFGGDGNDMLYGDAGNDTLYGGLGDDTLEGGAGNDWFGQTQAREHDVLRGGDGVDTVDYSQTGAHAGIAAGRIGLGILADLGAGRVDKLGEAGSSAYDTVSGIENVVGTELADRITGDAQANVLRGAGGADVLAGGEGDDVLLGGDGDDQLSGDAGRDRLYGEAGDDWFFQDAANAGNLLDGGDGRDTVDFSGPGRGLDAGAKGVFLSLGKGFASLMDEPETSNVLRNIENAVGSARDDVLIGDAGANVLNGLAGNDVLSGGAGDDVLLGDEGSDLLSGDAGNDDLFGGQGDDTYLFGVGYGHDTIYESGGGHDTIRINAGADQLWFARQGNDLEIRILGTDDALTVHDWYRDADHRVEIIHAANQAVDQAGIEKLVEAMAQYPDPGAAAAAPPAARVPDTLMQSLAVNWR,177519.1957,0.057444314,24.96114302,4.579995155,-0.240152403,1706
,P16154,MSLISKEELIKLAYSIRPRENEYKTILTNLDEYNKLTTNNNENKYLQLKKLNESIDVFMNKYKTSSRNRALSNLKKDILKEVILIKNSNTSPVEKNLHFVWIGGEVSDIALEYIKQWADINAEYNIKLWYDSEAFLVNTLKKAIVESSTTEALQLLEEEIQNPQFDNMKFYKKRMEFIYDRQKRFINYYKSQINKPTVPTIDDIIKSHLVSEYNRDETVLESYRTNSLRKINSNHGIDIRANSLFTEQELLNIYSQELLNRGNLAAASDIVRLLALKNFGGVYLDVDMLPGIHSDLFKTISRPSSIGLDRWEMIKLEAIMKYKKYINNYTSENFDKLDQQLKDNFKLIIESKSEKSEIFSKLENLNVSDLEIKIAFALGSVINQALISKQGSYLTNLVIEQVKNRYQFLNQHLNPAIESDNNFTDTTKIFHDSLFNSATAENSMFLTKIAPYLQVGFMPEARSTISLSGPGAYASAYYDFINLQENTIEKTLKASDLIEFKFPENNLSQLTEQEINSLWSFDQASAKYQFEKYVRDYTGGSLSEDNGVDFNKNTALDKNYLLNNKIPSNNVEEAGSKNYVHYIIQLQGDDISYEATCNLFSKNPKNSIIIQRNMNESAKSYFLSDDGESILELNKYRIPERLKNKEKVKVTFIGHGKDEFNTSEFARLSVDSLSNEISSFLDTIKLDISPKNVEVNLLGCNMFSYDFNVEETYPGKLLLSIMDKITSTLPDVNKNSITIGANQYEVRINSEGRKELLAHSGKWINKEEAIMSDLSSKEYIFFDSIDNKLKAKSKNIPGLASISEDIKTLLLDASVSPDTKFILNNLKLNIESSIGDYIYYEKLEPVKNIIHNSIDDLIDEFNLLENVSDELYELKKLNNLDEKYLISFEDISKNNSTYSVRFINKSNGESVYVETEKEIFSKYSEHITKEISTIKNSIITDVNGNLLDNIQLDHTSQVNTLNAAFFIQSLIDYSSNKDVLNDLSTSVKVQLYAQLFSTGLNTIYDSIQLVNLISNAVNDTINVLPTITEGIPIVSTILDGINLGAAIKELLDEHDPLLKKELEAKVGVLAINMSLSIAATVASIVGIGAEVTIFLLPIAGISAGIPSLVNNELILHDKATSVVNYFNHLSESKKYGPLKTEDDKILVPIDDLVISEIDFNNNSIKLGTCNILAMEGGSGHTVTGNIDHFFSSPSISSHIPSLSIYSAIGIETENLDFSKKIMMLPNAPSRVFWWETGAVPGLRSLENDGTRLLDSIRDLYPGKFYWRFYAFFDYAITTLKPVYEDTNIKIKLDKDTRNFIMPTITTNEIRNKLSYSFDGAGGTYSLLLSSYPISTNINLSKDDLWIFNIDNEVREISIENGTIKKGKLIKDVLSKIDINKNKLIIGNQTIDFSGDIDNKDRYIFLTCELDDKISLIIEINLVAKSYSLLLSGDKNYLISNLSNTIEKINTLGLDSKNIAYNYTDESNNKYFGAISKTSQKSIIHYKKDSKNILEFYNDSTLEFNSKDFIAEDINVFMKDDINTITGKYYVDNNTDKSIDFSISLVSKNQVKVNGLYLNESVYSSYLDFVKNSDGHHNTSNFMNLFLDNISFWKLFGFENINFVIDKYFTLVGKTNLGYVEFICDNNKNIDIYFGEWKTSSSKSTIFSGNGRNVVVEPIYNPDTGEDISTSLDFSYEPLYGIDRYINKVLIAPDLYTSLININTNYYSNEYYPEIIVLNPNTFHKKVNINLDSSSFEYKWSTEGSDFILVRYLEESNKKILQKIRIKGILSNTQSFNKMSIDFKDIKKLSLGYIMSNFKSFNSENELDRDHLGFKIIDNKTYYYDEDSKLVKGLININNSLFYFDPIEFNLVTGWQTINGKKYYFDINTGAALTSYKIINGKHFYFNNDGVMQLGVFKGPDGFEYFAPANTQNNNIEGQAIVYQSKFLTLNGKKYYFDNNSKAVTGWRIINNEKYYFNPNNAIAAVGLQVIDNNKYYFNPDTAIISKGWQTVNGSRYYFDTDTAIAFNGYKTIDGKHFYFDSDCVVKIGVFSTSNGFEYFAPANTYNNNIEGQAIVYQSKFLTLNGKKYYFDNNSKAVTGLQTIDSKKYYFNTNTAEAATGWQTIDGKKYYFNTNTAEAATGWQTIDGKKYYFNTNTAIASTGYTIINGKHFYFNTDGIMQIGVFKGPNGFEYFAPANTDANNIEGQAILYQNEFLTLNGKKYYFGSDSKAVTGWRIINNKKYYFNPNNAIAAIHLCTINNDKYYFSYDGILQNGYITIERNNFYFDANNESKMVTGVFKGPNGFEYFAPANTHNNNIEGQAIVYQNKFLTLNGKKYYFDNDSKAVTGWQTIDGKKYYFNLNTAEAATGWQTIDGKKYYFNLNTAEAATGWQTIDGKKYYFNTNTFIASTGYTSINGKHFYFNTDGIMQIGVFKGPNGFEYFAPANTDANNIEGQAILYQNKFLTLNGKKYYFGSDSKAVTGLRTIDGKKYYFNTNTAVAVTGWQTINGKKYYFNTNTSIASTGYTIISGKHFYFNTDGIMQIGVFKGPDGFEYFAPANTDANNIEGQAIRYQNRFLYLHDNIYYFGNNSKAATGWVTIDGNRYYFEPNTAMGANGYKTIDNKNFYFRNGLPQIGVFKGSNGFEYFAPANTDANNIEGQAIRYQNRFLHLLGKIYYFGNNSKAVTGWQTINGKVYYFMPDTAMAAAGGLFEIDGVIYFFGVDGVKAPGIYG,308051.5413,0.13099631,29.32620664,5.497831154,-0.373247232,2710
,P18177,MSLVNRKQLEKMANVRFRTQEDEYVAILDALEEYHNMSENTVVEKYLKLKDINSLTDIYIDTYKKSGRNKALKKFKEYLVTEVLELKNNNLTPVEKNLHFVWIGGQINDTAINYINQWKDVNSDYNVNVFYDSNAFLINTLKKTVVESAINDTLESFRENLNDPRFDYNKFFRKRMEIIYDKQKNFINYYKAQREENPELIIDDIVKTYLSNEYSKEIDELNTYIEESLNKITQNSGNDVRNFEEFKNGESFNLYEQELVERWNLAAASDILRISALKEIGGMYLDVDMLPGIQPDLFESIEKPSSVTVDFWEMTKLEAIMKYKEYIPEYTSEHFDMLDEEVQSSFESVLASKSDKSEIFSSLGDMEASPLEVKIAFNSKGIINQGLISVKDSYCSNLIVKQIENRYKILNNSLNPAISEDNDFNTTTNTFIDSIMAEANADNGRFMMELGKYLRVGFFPDVKTTINLSGPEAYAAAYQDLLMFKEGSMNIHLIEADLRNFEISKTNISQSTEQEMASLWSFDDARAKAQFEEYKRNYFEGSLGEDDNLDFSQNIVVDKEYLLEKISSLARSSERGYIHYIVQLQGDKISYEAACNLFAKTPYDSVLFQKNIEDSEIAYYYNPGDGEIQEIDKYKIPSIISDRPKIKLTFIGHGKDEFNTDIFAGFDVDSLSTEIEAAIDLAKEDISPKSIEINLLGCNMFSYSINVEETYPGKLLLKVKDKISELMPSISQDSIIVSANQYEVRINSEGRRELLDHSGEWINKEESIIKDISSKEYISFNPKENKITVKSKNLPELSTLLQEIRNNSNSSDIELEEKVMLTECEINVISNIDTQIVEERIEEAKNLTSDSINYIKDEFKLIESISDALCDLKQQNELEDSHFISFEDISETDEGFSIRFINKETGESIFVETEKTIFSEYANHITEEISKIKGTIFDTVNGKLVKKVNLDTTHEVNTLNAAFFIQSLIEYNSSKESLSNLSVAMKVQVYAQLFSTGLNTITDAAKVVELVSTALDETIDLLPTLSEGLPIIATIIDGVSLGAAIKELSETSDPLLRQEIEAKIGIMAVNLTTATTAIITSSLGIASGFSILLVPLAGISAGIPSLVNNELVLRDKATKVVDYFKHVSLVETEGVFTLLDDKIMMPQDDLVISEIDFNNNSIVLGKCEIWRMEGGSGHTVTDDIDHFFSAPSITYREPHLSIYDVLEVQKEELDLSKDLMVLPNAPNRVFAWETGWTPGLRSLENDGTKLLDRIRDNYEGEFYWRYFAFIADALITTLKPRYEDTNIRINLDSNTRSFIVPIITTEYIREKLSYSFYGSGGTYALSLSQYNMGINIELSESDVWIIDVDNVVRDVTIESDKIKKGDLIEGILSTLSIEENKIILNSHEINFSGEVNGSNGFVSLTFSILEGINAIIEVDLLSKSYKLLISGELKILMLNSNHIQQKIDYIGFNSELQKNIPYSFVDSEGKENGFINGSTKEGLFVSELPDVVLISKVYMDDSKPSFGYYSNNLKDVKVITKDNVNILTGYYLKDDIKISLSLTLQDEKTIKLNSVHLDESGVAEILKFMNRKGNTNTSDSLMSFLESMNIKSIFVNFLQSNIKFILDANFIISGTTSIGQFEFICDENDNIQPYFIKFNTLETNYTLYVGNRQNMIVEPNYDLDDSGDISSTVINFSQKYLYGIDSCVNKVVISPNIYTDEINITPVYETNNTYPEVIVLDANYINEKINVNINDLSIRYVWSNDGNDFILMSTSEENKVSQVKIRFVNVFKDKTLANKLSFNFSDKQDVPVSEIILSFTPSYYEDGLIGYDLGLVSLYNEKFYINNFGMMVSGLIYINDSLYYFKPPVNNLITGFVTVGDDKYYFNPINGGAASIGETIIDDKNYYFNQSGVLQTGVFSTEDGFKYFAPANTLDENLEGEAIDFTGKLIIDENIYYFDDNYRGAVEWKELDGEMHYFSPETGKAFKGLNQIGDYKYYFNSDGVMQKGFVSINDNKHYFDDSGVMKVGYTEIDGKHFYFAENGEMQIGVFNTEDGFKYFAHHNEDLGNEEGEEISYSGILNFNNKIYYFDDSFTAVVGWKDLEDGSKYYFDEDTAEAYIGLSLINDGQYYFNDDGIMQVGFVTINDKVFYFSDSGIIESGVQNIDDNYFYIDDNGIVQIGVFDTSDGYKYFAPANTVNDNIYGQAVEYSGLVRVGEDVYYFGETYTIETGWIYDMENESDKYYFNPETKKACKGINLIDDIKYYFDEKGIMRTGLISFENNNYYFNENGEMQFGYINIEDKMFYFGEDGVMQIGVFNTPDGFKYFAHQNTLDENFEGESINYTGWLDLDEKRYYFTDEYIAATGSVIIDGEEYYFDPDTAQLVISE,269708.4676,0.119188504,36.48481826,4.415787315,-0.318131868,2366
,P0C216,MKRKICKALICATLATSLWAGASTKVYAWDGKIDGTGTHAMIVTQGVSILENDLSKNEPESVRKNLEILKENMHELQLGSTYPDYDKNAYDLYQDHFWDPDTDNNFSKDNSWYLAYSIPDTGESQIRKFSALARYEWQRGNYKQATFYLGEAMHYFGDIDTPYHPANVTAVDSAGHVKFETFAEERKEQYKINTAGCKTNEDFYADILKNKDFNAWSKEYARGFAKTGKSIYYSHASMSHSWDDWDYAAKVTLANSQKGTAGYIYRFLHDVSEGNDPSVGKNVKELVAYISTSGEKDAGTDDYMYFGIKTKDGKTQEWEMDNPGNDFMTGSKDTYTFKLKDENLKIDDIQNMWIRKRKYTAFPDAYKPENIKIIANGKVVVDKDINEWISGNSTYNIK,45529.0665,0.133165829,20.38798995,5.582521248,-0.768844221,398
,P01558,MLSNNLNPMVFENAKEVFLISEDLKTPINITNSNSNLSDGLYVIDKGDGWILGEPSVVSSQILNPNETGTFSQSLTKSKEVSINVNFSVGFTSEFIQASVEYGFGITIGEQNTIERSVSTTAGPNEYVYYKVYATYRKYQAIRISHGNISDDGSIYKLTGIWLSKTSADSLGNIDQGSLIETGERCVLTVPSTDIEKEILDLAAATERLNLTDALNSNPAGNLYDWRSSNSYPWTQKLNLHLTITATGQKYRILASKIVDFNIYSNNFNNLVKLEQSLGDGVKDHYVDISLDAGQYVLVMKANSSYSGNYPYSILFQKF,35330.0079,0.103448276,30.68495298,4.849980354,-0.252664577,319
,P0C2E9,MIRFKKTKLIASIAMALCLFSQPVISFSKDITDKNQSIDSGISSLSYNRNEVLASNGDKIESFVPKEGKKTGNKFIVVERQKRSLTTSPVDISIIDSVNDRTYPGALQLADKAFVENRPTILMVKRKPININIDLPGLKGENSIKVDDPTYGKVSGAIDELVSKWNEKYSSTHTLPARTQYSESMVYSKSQISSALNVNAKVLENSLGVDFNAVANNEKKVMILAYKQIFYTVSADLPKNPSDLFDDSVTFNDLKQKGVSNEAPPLMVSNVAYGRTIYVKLETTSSSKDVQAAFKALIKNTDIKNSQQYKDIYENSSFTAVVLGGDAQEHNKVVTKDFDEIRKVIKDNATFSTKNPAYPISYTSVFLKDNSVAAVHNKTDYIETTSTEYSKGKINLDHSGAYVAQFEVAWDEVSYDKEGNEVLTHKTWDGNYQDKTAHYSTVIPLEANARNIRIKARECTGLAWEWWRDVISEYDVPLTNNINVSIWGTTLYPGSSITYN,55829.1815,0.092,32.20882,7.021627617,-0.4268,500
,P04958,MPITINNFRYSDPVNNDTIIMMEPPYCKGLDIYYKAFKITDRIWIVPERYEFGTKPEDFNPPSSLIEGASEYYDPNYLRTDSDKDRFLQTMVKLFNRIKNNVAGEALLDKIINAIPYLGNSYSLLDKFDTNSNSVSFNLLEQDPSGATTKSAMLTNLIIFGPGPVLNKNEVRGIVLRVDNKNYFPCRDGFGSIMQMAFCPEYVPTFDNVIENITSLTIGKSKYFQDPALLLMHELIHVLHGLYGMQVSSHEIIPSKQEIYMQHTYPISAEELFTFGGQDANLISIDIKNDLYEKTLNDYKAIANKLSQVTSCNDPNIDIDSYKQIYQQKYQFDKDSNGQYIVNEDKFQILYNSIMYGFTEIELGKKFNIKTRLSYFSMNHDPVKIPNLLDDTIYNDTEGFNIESKDLKSEYKGQNMRVNTNAFRNVDGSGLVSKLIGLCKKIIPPTNIRENLYNRTASLTDLGGELCIKIKNEDLTFIAEKNSFSEEPFQDEIVSYNTKNKPLNFNYSLDKIIVDYNLQSKITLPNDRTTPVTKGIPYAPEYKSNAASTIEIHNIDDNTIYQYLYAQKSPTTLQRITMTNSVDDALINSTKIYSYFPSVISKVNQGAQGILFLQWVRDIIDDFTNESSQKTTIDKISDVSTIVPYIGPALNIVKQGYEGNFIGALETTGVVLLLEYIPEITLPVIAALSIAESSTQKEKIIKTIDNFLEKRYEKWIEVYKLVKAKWLGTVNTQFQKRSYQMYRSLEYQVDAIKKIIDYEYKIYSGPDKEQIADEINNLKNKLEEKANKAMININIFMRESSRSFLVNQMINEAKKQLLEFDTQSKNILMQYIKANSKFIGITELKKLESKINKVFSTPIPFSYSKNLDCWVDNEEDIDVILKKSTILNLDINNDIISDISGFNSSVITYPDAQLVPGINGKAIHLVNNESSEVIVHKAMDIEYNDMFNNFTVSFWLRVPKVSASHLEQYGTNEYSIISSMKKHSLSIGSGWSVSLKGNNLIWTLKDSAGEVRQITFRDLPDKFNAYLANKWVFITITNDRLSSANLYINGVLMGSAEITGLGAIREDNNITLKLDRCNNNNQYVSIDKFRIFCKALNPKEIEKLYTSYLSITFLRDFWGNPLRYDTEYYLIPVASSSKDVQLKNITDYMYLTNAPSYTNGKLNIYYRRLYNGLKFIIKRYTPNNEIDSFVKSGDFIKLYVSYNNNEHIVGYPKDGNAFNNLDRILRVGYNAPGIPLYKKMEAVKLRDLKTYSVQLKLYDDKNASLGLVGTHNGQIGNDPNRDILIASNWYFNHLKDKILGCDWYFVPTDEGWTND,150680.5364,0.112547529,31.53262357,5.796520042,-0.373460076,1315
,P13128,MKKIMLVFITLILVSLPIAQQTEAKDASAFNKENSISSMAPPASPPASPKTPIEKKHADEIDKYIQGLDYNKNNVLVYHGDAVTNVPPRKGYKDGNEYIVVEKKKKSINQNNADIQVVNAISSLTYPGALVKANSELVENQPDVLPVKRDSLTLSIDLPGMTNQDNKIVVKNATKSNVNNAVNTLVERWNEKYAQAYPNVSAKIDYDDEMAYSESQLIAKFGTAFKAVNNSLNVNFGAISEGKMQEEVISFKQIYYNVNVNEPTRPSRFFGKAVTKEQLQALGVNAENPPAYISSVAYGRQVYLKLSTNSHSTKVKAAFDAAVSGKSVSGDVELTNIIKNSSFKAVIYGGSAKDEVQIIDGNLGDLRDILKKGATFNRETPGVPIAYTTNFLKDNELAVIKNNSEYIETTSKAYTDGKINIDHSGGYVAQFNISWDEVNYDPEGNEIVQHKNWSENNKSKLAHFTSSIYLPGNARNINVYAKECTGLAWEWWRTVIDDRNLPLVKNRNISIWGTTLYPKYSNKVDNPIE,58687.3422,0.086956522,34.71247637,7.629293251,-0.469943289,529
,P17452,MKTKHFFNSDFTVKGKSADEIFRRLCTDHPDKQLNNVKWKEVFINRFGQMMLDTPNPRKIVEKIINEGLEKQGLKNIDPETTYFNIFSSSDSSDGNVFHYNSLSESYRVTDACLMNIFVERYFDDWDLLNSLASNGIYSVGKEGAYYPDHDYGPEYNPVWGPNEQIYHSRVIADILYARSVWDEFKKYFMEYWQKYAQLYTEMLSDTFLAMAIQQYTRQTLTDEGFLMVCNTYYGNKEEVQITLLDIYGYPSTDIICIEQKGLPTPKVILYIPGGTQPFVEFLNTDDLKQWIAWHLKDNKHMVAFRKHFSLKQRQEGETFTGIDKALQYIAEESPEWPANKYILYNPTHLETENLFNIMMKRTEQRMLEDSDVQIRSNSEATRDYALSLLETFISQLSAIDMLVPAVGIPINFALSATALGLSSDIVVNGDSYEKRKYGIGSLVQSALFTGINLIPVISETAEILSSFSRTEEDIPAFFTEEQALAQRFEIVEEELHSISPDDPPREITDENLHKIRLVRLNNENQPLVVLRRLGGNKFIRIEPITFQEIKGSLVSEVINPVTNKTYYVSNAKLLGGSPYSPFRIGLEGVWTPEVLKARASVIGKPIGESYKRILAKLQRIHNSNILDERQGLMHELMELIDLYEESQPSSERLNAFRELRTQLEKALYLPEMEALKKQILQIPNKGSGAARFLLRTAMNEMAGKTSESTADLIRFALQDTVISAPFRGYAGAIPEAIDFPVKYVIEDISVFDKIQTNYWELPAYESWNEGSNSALLPGLLRESQSKGMLSKCRIIENSLYIGHSYEEMFYSISPYSNQVGGPYELYPFTFFSMLQEVQGDLGFEQAFATRNFFNTLVSDRLSLMENTMLLTESFDYTPWDAIYGDINYDEQFAAMSINERIEKCMNTYRGVAFQNSSKSIDFFLNNLTTFIDNGLTEIAISDLPYDIVQQEISQFLQGSNEWKTLDAMLFNLDKGDINGAFRKLLQSAKDNNIKFRAIGHSDNSVPPFNNPYKSLYYKGNIIAEAIEKLDREGQKFVVFADSSLLNSTPGTGRPMPGLVQYLKIPATVVDSDGAWQFLPDVASSRVPIEVTELENWQVLTPPQGKILGLKQFKLTAGFPTEQSRLPLLENSVSEDLREELMQKIDAIKNDVKMNSLVCMEAGSCDSVSPKVAARLKDMGLEAGMGASITWWRREGGMEFSHQMHTTASFKFAGKEFAVDASHLQFVHDQLDTTILILPVDDWALEIAQRNRAINPFVEYVSKTGNMLALFMPPLFTKPRLTRAL,146381.5869,0.108949416,44.48070817,5.023907661,-0.300622568,1285
,P11439,MHLTPHWIPLVASLGLLAGGSFASAAEEAFDLWNECAKACVLDLKDGVRSSRMSVDPAIADTNGQGVLHYSMVLEGGNDALKLAIDNALSITSDGLTIRLEGGVEPNKPVRYSYTRQARGSWSLNWLVPIGHEKPSNIKVFIHELNAGNQLSHMSPIYTIEMGDELLAKLARDATFFVRAHESNEMQPTLAISHAGVSVVMAQAQPRREKRWSEWASGKVLCLLDPLDGVYNYLAQQRCNLDDTWEGKIYRVLAGNPAKHDLDIKPTVISHRLHFPEGGSLAALTAHQACHLPLETFTRHRQPRGWEQLEQCGYPVQRLVALYLAARLSWNQVDQVIRNALASPGSGGDLGEAIREQPEQARLALTLAAAESERFVRQGTGNDEAGAASADVVSLTCPVAAGECAGPADSGDALLERNYPTGAEFLGDGGDISFSTRGTQNWTVERLLQAHRQLEERGYVFVGYHGTFLEAAQSIVFGGVRARSQDLDAIWRGFYIAGDPALAYGYAQDQEPDARGRIRNGALLRVYVPRSSLPGFYRTGLTLAAPEAAGEVERLIGHPLPLRLDAITGPEEEGGRLETILGWPLAERTVVIPSAIPTDPRNVGGDLDPSSIPDKEQAISALPDYASQPGKPPREDLK,69283.2055,0.070532915,38.79705329,5.36477108,-0.261912226,638
,Q9FBI2,MKIIIFRVLTFFFVIFSVNVVAKEFTLDFSTAKTYVDSLNVIRSAIGTPLQTISSGGTSLLMIDSGTGDNLFAVDVRGIDPEEGRFNNLRLIVERNNLYVTGFVNRTNNVFYRFADFSHVTFPGTTAVTLSGDSSYTTLQRVAGISRTGMQINRHSLTTSYLDLMSHSGTSLTQSVARAMLRFVTVTAEALRFRQIQRGFRTTLDDLSGRSYVMTAEDVDLTLNWGRLSSVLPDYHGQDSVRVGRISFGSINAILGSVALILNCHHHASRVARMASDEFPSMCPADGRVRGITHNKILWDSSTLGAILMRRTISS,34813.3026,0.088888889,33.10066667,9.62682209,0.083492063,315
,P09616,MKTRIVSSVTTTLLLGSILMNPVAGAADSDINIKTGTTDIGSNTTVKTGDLVTYDKENGMHKKVFYSFIDDKNHNKKLLVIRTKGTIAGQYRVYSEEGANKSGLAWPSAFKVQLQLPDNEVAQISDYYPRNSIDTKEYMSTLTYGFNGNVTGDDTGKIGGLIGANVSIGHTLKYVQPDFKTILESPTDKKVGWKVIFNNMVNQNWGPYDRDSWNPVYGNQLFMKTRNGSMKAADNFLDPNKASSLLSSGFSPDFATVITMDRKASKQQTNIDVIYERVRDDYQLHWTSTNWKGTNTKDKWTDRSSERYKIDWEKEEMTN,35903.8373,0.10031348,21.45238245,8.693513298,-0.652351097,319
,P09978,MVKKTKSNSLKKVATLALANLLLVGALTDNSAKAESKKDDTDLKLVSHNVYMLSTVLYPNWGQYKRADLIGQSSYIKNNDVVIFNEAFDNGASDKLLSNVKKEYPYQTPVLGRSQSGWDKTEGSYSSTVAEDGGVAIVSKYPIKEKIQHVFKSGCGFDNDSNKGFVYTKIEKNGKNVHVIGTHTQSEDSRCGAGHDRKIRAEQMKEISDFVKKKNIPKDETVYIGGDLNVNKGTPEFKDMLKNLNVNDVLYAGHNSTWDPQSNSIAKYNYPNGKPEHLDYIFTDKDHKQPKQLVNEVVTEKPKPWDVYAFPYYYVYNDFSDHYPIKAYSK,37237.3856,0.106060606,30.30181818,8.75127697,-0.734848485,330
,P0C1V1,MAQDIISTIGDLVKWIIDTVNKFTKK,2978.504,0.076923077,23.98846154,8.189563942,0.15,26
,P31716,MLKNKILATTLSVSLLAPLANPLLENAKAANDTEDIGKGSDIEIIKRTEDKTSNKWGVTQNIQFDFVKDTKYNKDALILKMQGFISSRTTYYNYKKTNHVKAMRWPFQYNIGLKTNDKYVSLINYLPKNKIESTNVSQTLGYNIGGNFQSAPSLGGNGSFNYSKSISYTQQNYVSEVEQQNSKSVLWGVKANSFATESGQKSAFDSDLFVGYKPHSKDPRDYFVPDSELPPLVQSGFNPSFIATVSHEKGSSDTSEFEITYGRNMDVTHAIKRSTHYGNSYLDGHRVHNAFVNRNYTVKYEVNWKTHEIKVKGQN,35556.2804,0.114285714,39.52063492,9.232082176,-0.679047619,315
,P31715,MKMNKLVKSSVATSMALLLLSGTANAEGKITPVSVKKVDDKVTLYKTTATADSDKFKISQILTFNFIKDKSYDKDTLVLKATGNINSGFVKPNPNDYDFSKLYWGAKYNVSISSQSNDSVNAVDYAPKNQNEEFQVQNTLGYTFGGDISISNGLSGGLNGNTAFSETINYKQESYRTLSRNTNYKNVGWGVEAHKIMNGWGPYGRDSFHPTYGNELFLAGRQSSAYAGQNFIAQHQMPLLSRSNFNPEFLSVLSHRQDRAKKSKITVTYQREMDLYQIRWNGFYWAGANYKNFKTRTFKSTYEIDWENHKVKLLDTKETENNK,36566.473,0.123839009,23.52294118,9.407887459,-0.680804954,323
,P0A0L2,MKKTAFTLLLFIALTLTTSPLVNGSEKSEEINEKDLRKKSELQGTALGNLKQIYYYNEKAKTENKESHDQFLQHTILFKGFFTDHSWYNDLLVDFDSKDIVDKYKGKKVDLYGAYYGYQCAGGTPNKTACMYGGVTLHDNNRLTEEKKVPINLWLDGKQNTVPLETVKTNKKNVTVQELDLQARRYLQEKYNLYNSDVFDGKVQRGLIVFHTSTEPSVNYDLFGAQGQYSNTLLRIYRDNKTINSENMHIDIYLYTS,29669.1048,0.116731518,39.54474708,7.681357765,-0.654085603,257
,P01552,MYKRLFISHVILIFALILVISTPNVLAESQPDPKPDELHKSSKFTGLMENMKVLYDDNHVSAINVKSIDQFLYFDLIYSIKDTKLGNYDNVRVEFKNKDLADKYKDKYVDVFGANYYYQCYFSKKTNDINSHQTDKRKTCMYGGVTEHNGNQLDKYRSITVRVFEDGKNLLSFDVQTNKKKVTAQELDYLTRHYLVKNKKLYEFNNSPYETGYIKFIENENSFWYDMMPAPGDKFDQSKYLMMYNDNKMVDSKDVKIEVYLTTKKK,31435.4904,0.139097744,33.99887218,8.653349495,-0.664285714,266
,P0C2J9,MANKAVNDFILAMNYDKKKLLTHQGESIENRFIKEGNQLPDEFVVIERKKRSLSTNTSDISVTATNDSRLYPGALLVVDETLLENNPTLLAVDRAPMTYSIDLPGLASSDSFLQVEDPSNSSVRGAVNDLLAKWHQDYGQVNNVPARMQYEKITAHSMEQLKVKFGSDFEKTGNSLDIDFNSVHSGEKQIQIVNFKQIYYTVSVDAVKNPGDVFQDTVTVEDLKQRGISAERPLVYISSVAYGRQVYLKLETTSKSDEVEAAFEALIKGVKVAPQTEWKQILDNTEVKAVILGGDPSSGARVVTGKVDMVEDLIQEGSRFTADHPGLPISYTTSFLRDNVVATFQNSTDYVETKVTAYRNGDLLLDHSGAYVAQYYITWNELSYDHQGKEVLTPKAWDRNGQDLTAHFTTSIPLKGNVRNLSVKIRECTGLAWEWWRTVYEKTDLPLVRKRTISIWGTTLYPQVEDKVEND,52897.7455,0.087048832,20.68577495,5.192207909,-0.419532909,471
,P0C0I3,MSNKKTFKKYSRVAGLLTAALIIGNLVTANAESNKQNTASTETTTTNEQPKPESSELTTEKAGQKTDDMLNSNDMIKLAPKEMPLESAEKEEKKSEDKKKSEEDHTEEINDKIYSLNYNELEVLAKNGETIENFVPKEGVKKADKFIVIERKKKNINTTPVDISIIDSVTDRTYPAALQLANKGFTENKPDAVVTKRNPQKIHIDLPGMGDKATVEVNDPTYANVSTAIDNLVNQWHDNYSGGNTLPARTQYTESMVYSKSQIEAALNVNSKILDGTLGIDFKSISKGEKKVMIAAYKQIFYTVSANLPNNPADVFDKSVTFKELQRKGVSNEAPPLFVSNVAYGRTVFVKLETSSKSNDVEAAFSAALKGTDVKTNGKYSDILENSSFTAVVLGGDAAEHNKVVTKDFDVIRNVIKDNATFSRKNPAYPISYTSVFLKNNKIAGVNNRTEYVETTSTEYTSGKINLSHQGAYVAQYEILWDEINYDDKGKEVITKRRWDNNWYSKTSPFSTVIPLGANSRNIRIMARECTGLAWEWWRKVIDERDVKLSKEINVNISGSTLSPYGSITYK,63637.6751,0.078809107,37.57532399,7.595871925,-0.619264448,571
,P01555,MVKIIFVFFIFLSSFSYANDDKLYRADSRPPDEIKQSGGLMPRGQSEYFDRGTQMNINLYDHARGTQTGFVRHDDGYVSTSISLRSAHLVGQTILSGHSTYYIYVIATAPNMFNVNDVLGAYSPHPDEQEVSALGGIPYSQIYGWYRVHFGVLDEQLHRNRGYRDRYYSNLDIAPAADGYGLAGFPPEHRAWREEPWIHHAPPGCGNAPRSSMSNTCDEKTQSLGVKFLDEYQSKVKRQIFSGYQSDIDTHNRIKDEL,29335.2482,0.127906977,43.08139535,6.105269432,-0.575968992,258
,P01501,MKFLVNVALVFMVVYISYIYAAPEPEPAPEPEAEADAEADPEAGIGAVLKVLTTGLPALISWIKRKRQQG,7584.7603,0.085714286,51.70285714,4.688330269,0.238571429,70
,Q5ECE3,MKFFGLFLAILASTAADVVIDGACPDMKAVSKFDMNAYQGTWYEIKKFPVANEANGDCGSVEYTPDNGLLKVRAGHVEDDIEKFVVGVLTKNAGTSDAELTLSVVVGDYVRVAPLWIVSTDYDNYAIGYSCKDYKKSNQHRVNIWILSRTKTLNESSKSTVNKFLKEHSKEFDQSKFVETDFSEKACFFKKSHVYTVPFGA,22432.172,0.124378109,29.90497512,6.094413185,-0.213930348,201
,P11057,ECVPENGHCRDWYDECCEGFYCSCRQPPKCICRNNN,4272.7418,0.111111111,82.20861111,5.007879066,-1.041666667,36
,P82227,TICTGADRPCAACCPCCPGTSCQGPESNGVVYCRNF,3685.1983,0.055555556,41.43888889,5.722288322,0.044444444,36
,P56852,MKTSVFAAILGLALFAVLCSGSELQEKDLKETLLSAIMETALEAQPEERECRYLFGGCKTTSDCCKHLGCKFRDKYCAWDFTFSK,9527.9944,0.105882353,32.96235294,5.772704506,-0.015294118,85
,P0CE80,MLPYIVLVLGCWSVLSQAAQTDDEERAGNRRPIWIMGHMVNAIGQIDEFVNLGANSIETDVSFDDNANPEYTYHGIPCDCGRNCKKYENFNDFLKGLRSATTPGNSKYQEKLVLVVFDLKTGSLYDNQANDAGKKLAKNLLQHYWNNGNNGGRAYIVLSIPDLNHYPLIKGFKDQLTKDGHPELMDKVGHDFSGNDDIGDVGKAYKKAGITGHIWQSDGITNCLPRGLSRVNAAVANRDSANGFINKVYYWTVDKRSTTRDALDAGVDGIMTNYPDVITDVLNEAAYKKKFRVATYDENPWVTFKK,34157.951,0.10130719,21.28235294,6.170918465,-0.505882353,306
,P60992,ECRYLFGGCSSTSDCCKHLSCRSDWKYCAWDGTFS,4003.4366,0.171428571,52.11142857,6.783188057,-0.451428571,35
,P34073,VICYRKYTNNVKTCPDGENVCYTKMWCDGFCTSRGKVVELGCAATCPIRKPGNEVKCCSTNKCNHPPKRKKRRP,8386.7928,0.067567568,36.58783784,9.424391365,-0.791891892,74
,P60775,MKTLLLTLVVVTIVCLDLGYTRICFNHQSSQPQTTKTCSPGESSCYNKQWSDFRGTIIERGCGCPTVKPGIKLSCCESEVCNN,9136.5165,0.060240964,49.22168675,8.095246696,-0.071084337,83
,P17347,IGIAYNRGMCDPKKSVGTVMDHSTEHLSVAVAMAHEMGHNLGMDHDGNQCNCGGAGCVMSEELIESRSYKFSDCSKNQYQNYLTIYKPQCILNQPLRTDTVSTPVSGNELLQNSANPCYDPLTCHPREGEQCESGPCCRNCKFLKEGTICKRARGDDMDDYCNGKTCDCPRNPHKGPATAKGSVLM,20363.8242,0.048387097,31.18817204,6.160346413,-0.644086022,186
,P81166,NLYQLKNMIKCTNTRHWVSFTNYGCYCGYGGSGTPVDELDKCCQVHDKCYDTAKHVCKCSPSMTMYSYDCSEGKLTCKDNNTKCKDFVCNCDRTAALCFAKAPYNNKNFKIDPTKGCQ,13341.1376,0.110169492,12.9059322,8.477415276,-0.653389831,118
,P00608,NLVQFSYLIQCANHGKRPTWHYMDYGCYCGAGGSGTPVDELDRCCKIHDDCYDEAGKKGCFPKMSAYDYYCGENGPYCRNIKKKCLRFVCDCDVEAAFCFAKAPYNNANWNIDTKKRCQ,13593.3273,0.142857143,45.02857143,7.939426613,-0.628571429,119
,P83234,MLLFTLCFFADQENGGKALASPPGNWQKADVTFDSNTAFESLVVSPDKKTVENVGVPKGVPDSPERFSSSPCVLGSPGFRSGKHFFEVKYGTQREWAVGLAGKSVKRKGYLRLVPEERIWQKGLWWLRRLETDSDKLQKGSGKIIVFLDYDEGKVIFDLDGEVTTIQANFNGEEVVPFYYIGARVSLANL,21173.8058,0.121052632,38.64847368,6.613978386,-0.287368421,190
,Q8AVA4,MIAFIVLLSLAAVLQQSSGTADFASESSNKKNYQKEIVDKHNALRRSVKPTARNMLQMKWNSRAAQNAKRWANRCTFAHSPPNKRTVGKLRCGENIFMSSQPFPWSGVVQAWYDEIKNFVYGIGAKPPGSVIGHYTQVVWYKSYLIGCASAKCSSSKYLYVCQYCPAGNIRGSIATPYKSGPPCADCPSACVNKLCTNPCKRNNDFSNCKSLAKKSKCQTEWIKKKCPASCFCHNKII,26474.4237,0.100840336,57.54579832,9.653447533,-0.384453782,238
,Q02471,MRTLWIVAVCLIGVEGNLFQFARMINGKLGAFSVWNYISYGCYCGWGGQGTPKDATDRCCFVHDCCYGGVKGCNPKLAIYSYSFQRGNIVCGRNNGCLRTICECDRVAANCFHQNKNTYNKEYKFLSSSKCRQRSEQC,15554.7579,0.130434783,26.75869565,8.917089653,-0.236231884,138
,P14420,NLFQFAKMINGKLGAFSVWNYISYGCYCGWGGQGTPKDATDRCCFVHDCCYGRVRGCNPKLAIYSYSFKKGNIVCGKNNGCLRDICECDRVAANCFHQNKNTYNKNYKFLSSSRCRQTSEQC,13827.656,0.139344262,24.38114754,9.033326149,-0.495901639,122
,Q86LR2,MGKELLTFSDLTWLDSSPDTVRSAFTREYGTTPDGIALNSEGYFGYHSPPITEQYGRPCYKQTGETKITLQELGPSTDAVLGNSTAVNRGDSSIDLTVSVEGKWSDSTSWSTSTETGVKMSSEFEVEGAFKMGGEFSLTLSVGKSGSSSVEKTSTSSVQVTVPPRSKVVVSMVGIMKKEKVFFEVPVTVDGSFGANFPSTVQGHYFWFMDARSCLNKTSGVIKGTIDHANVFDVSVEVGPSEPL,26211.9058,0.094262295,39.41393443,4.877149391,-0.244262295,244
,Q98989,MSSDLVMPALGRPFTLGMLYDARREKLIPGFSLFGDETLQKYQSSNAQRSSEFKIVASDSTESKSSAMDIEASLGVSFLGGLVEVGGSAKYLNNTKKYQNQSRVTLKYKATTVYKQFTAPPGTVTVQETAITEKGLATHVVTSILYGANAFFVSDSDKVEDTNLQDIQGKMEAAIKKIPTISIEGSASVQLTDEEKSLASNLSCKFHGDFLLESLPTTFEDAVKTYQTLPTLIGEDGANSVPMKVWLAPLKSYNSKAQQLIQEINVSKVRRIHTTLEELHKLKRRANEAMDVKLVQRIPLIHDKISNFQQIFQDYMLTVQKKIAEKLPLVRAGTESEQSLQKIIDDRAQSPFSNEKVSKWLDAVEREIAVLKSCAGMVEGTQAKFVSNQTELDREVLVGKVKHAVCFIFTSVERNDPYLKVLSDYWESPPSNNAKDVAPSTEDKWCFSTEVVLKMQQRAQTFCDHVNDFEKSRNVGFFITALENGKFQGASIYYYKEGSLATQDFTFPRMPFVQGYKKRSDLLWYACDLTFDRNTINNWISLSDNDTFAASEHGKRQNYPKHPERFVSFNQVLCNEGLMGKHYWEVEWNGYIDVGIAYISIPRKEIDFASAFGYNTYSWVLSYNPKIGYIERHKKREYNVRAPNPGFKRLGLFLDWRYGSISFYAVSSDEVHHLHTFKTKFTEPVYPAFSIGPAGNHGTLRLL,79523.2597,0.109530583,41.41893314,7.939039803,-0.389758179,703
,A0ZSK3,MSSDLVMPALGRPFTLGMLYDTRREKLIPGFSLFGDETLQQYQSSNTQRSSEFKIVASDSTESKSSAMDIEASLGVSFLGGLVEVGGSAKYLNNTKKYQNQSRVTLKYKATTIYKQFTAPPGTVKVQETVITQRGLATHVVTGILYGANAFFVFDSDKVEDTNLQDIQGKMEAVIKKIPTISIEGSASVQLTDEEKSLASNLSCKFHGDFLLESLPTTFEDAVTTYQTLPTLLGEDGASAVPMKVWLVPLKKFFSKAKLLTQEITVSKVRRIHTTLEELYKLKRRANEAMDDKLVQQIPLIHDKISNFHQIFQDYMLTVQKKIAEKLPLVRAGTESEQSLQKIIDDRAKSPFSNENVSTWLEVIEREIAVLKSCAGMVEGTQAKFVSNQTELDREVLAEDVKHALCFVFTSVERNDPYLKVLSDYLESPDSKDGKEAVPSTEDKWCFSTRVVLKMKQRAQTFCDHVNDFEKSRNVGFFVTALENGKFQGASIYHYKDGSLATQDFTFPRMPFVQGYKKRSDLLWYACDLTFDRNTINIWVSLSDNDTFAASEHGKRQNYPKHPERFLCYNQVLCNEGLTGKHYWEVEWNGYVDVGVAYISISRKEDNWVSAIGHNTCSWVFSSIPRAGYVERYNQRQYYVTVPTPGFKQLGVFLNWPDGSLSFYAVSSDEVHHLHTFKTKFTEPVYPAFCLGYRFDHGTVRLL,79669.4372,0.110953058,39.47697013,6.494502831,-0.343243243,703
,A7L035,MVKMLFFAFLPLLFMTGIAAESTISSGLNSLKTKIDAKMPSGKQLFDKVVEMQKQIDAKFSNDDERAKVMGAIGSLSTAVGKFQSGDPAKIASGCLDILVGISSVLKDFAKFSPIFSILSLVVGLFSGTKAEESVGSVVKKAVQEQSDQELQEALYGVKREYAVSKAFLDGVRNETSDLSPTEVSALAANVPIYQGVRFIAMVVQRIKYIKPKTESEIKRMLTMLELFTDLCSLRDLILLDLYQLVATPGHSPNIASGIKEVSNLGREEYKKVFEDLLKNDDKETYLFLSYLYPREKNEQSRKIFNFFDLMKVKYDDRLKQDLTGVKIFSNVHWPNYFMCSSNDYLALICTKPYGSLKLDKLNDGYYSIKTTQHDPKICHRYGNYILFTHKRNDDLEKFNFVPVKLEKREIYLLSSKESPNKFAYVPQNADGALFFVDGIPSKVGYGNQGYFTLVE,51389.7187,0.109649123,34.24890351,8.472709084,-0.165131579,456
,Q9XZK2,MKLTCMVIVAVLLLTACQLITADDSRGTQKHRTLRSKTKLSMSTRCKAAGKPCSRIAYNCCTGSCRSGKCG,7628.0955,0.014084507,43.82394366,9.794504356,-0.026760563,71
,Q9XZK5,MKLTCVMIVAVLFLTTWTFVTADDSRYGLKNLFPKARHEMKNPEASKLNKRDGCSSGGTFCGIHPGLCCSEFCFLWCITFID,9216.7761,0.12195122,27.8402439,8.202199745,0.215853659,82
,P56633,MKLTCVVIVVVLFLTACQLITADDSRRTQKHRALRSTTKLSLSTRCRIPNQKCFQHLDDCCSRKCNRFNKCV,8316.8304,0.041666667,33.65833333,9.750988197,-0.138888889,72
,P58925,MSKLGVLLTICLLLFPITALPMDGDQPADRLAERMQDNISSEEHPFEKRQRLCCGFPKSCRSRQCKPHRCCGR,8333.75,0.04109589,66.69863014,8.81548748,-0.42739726,73
,P83047,GDCPWKPWC,1091.2623,0.222222222,15.51111111,5.821870232,-0.866666667,9
,P01857,ASTKGPSVFPLAPSSKSTSGGTAALGCLVKDYFPEPVTVSWNSGALTSGVHTFPAVLQSSGLYSLSSVVTVPSSSLGTQTYICNVNHKPSNTKVDKKVEPKSCDKTHTCPPCPAPELLGGPSVFLFPPKPKDTLMISRTPEVTCVVVDVSHEDPEVKFNWYVDGVEVHNAKTKPREEQYNSTYRVVSVLTVLHQDWLNGKEYKCKVSNKALPAPIEKTISKAKGQPREPQVYTLPPSRDELTKNQVSLTCLVKGFYPSDIAVEWESNGQPENNYKTTPPVLDSDGSFFLYSKLTVDKSRWQQGNVFSCSVMHEALHNHYTQKSLSLSPELQLEESCAEAQDGELDGLWTTITIFITLFLLSVCYSATVTFFKVKWIFSSVVDLKQTIIPDYRNMIGQGA,43911.3798,0.090225564,44.16819549,6.54963665,-0.269924812,399
,P11140,QDRPIKFSTEGATSQSYKQFIEALRERLRGGLIHDIPVLPDPTTLQERNRYITVELSNSDTESIEVGIDVTNAYVVAYRAGTQSYFLRDAPSSASDYLFTGTDQHSLPFYGTYGDLERWAHQSRQQIPLGLQALTHGISFFRSGGNDNEEKARTLIVIIQMVAEAARFRYISNRVRVSIQTGTAFQPDAAMISLENNWDNLSRGVQESVQDTFPNQVTLTNIRNEPVIVDSLSHPTVAVLALMLFVCNPPNANQSPLLIRSIVEKSKICSSRYEPTVRIGGRDGMCVDVYDNGYHNGNRIIMWKCKDRLEENQLWTLKSDKTIRSNGKCLTTYGYAPGSYVMIYDCTSAVAEATYWEIWDNGTIINPKSALVLSAESSSMGGTLTVQTNEYLMRQGWRTGNNTSPFVTSISGYSDLCMQAQGSNVWMADCDSNKKEQQWALYTDGSIRSVQNTNNCLTSKDHKQGSTILLMGCSNGWASQRWVFKNDGSIYSLYDDMVMDVKGSDPSLKQIILWPYTGKPNQIWLTLF,59242.925,0.09469697,37.72842803,5.761961937,-0.382386364,528
,Q06077,QDQVIKFTTEGATSQSYKQFIEALRQRLTGGLIHGIPVLPDPTTLQERNRYISVELSNSDTESIEAGIDVSNAYVVAYRAGNRSYFLRDAPTSASRYLFTGTQQYSLRFNGSYIDLERLARQTRQQIPLGLQALRHAISFLQSGTDDQEIARTLIVIIQMASEAARYRFISYRVGVSIRTNTAFQPDAAMISLENNWDNLSGGVQQSVQDTFPNAVTLRSVNNQPVIVDSLTHQSVAVLALMLFVCNPPNANQSPLLIRSIVEKSKICSSRYEPTVRIGGRNGMCVDVYDDGYHNGNRIIAWKCKDRLEENQLWTLKSDKTIRSNGKCLTTEGYAPGNYVMIYDCTSAVAEATYWEIWDNGTIINPKSALVLSAESSSMGGTLTVQTNEYLMRQGWRTGNNTSPFVTSISGYSDLCMQAQGSNVWLAYCDNNKKEQQWALYTDGSIRSVQNTNNCLTSKDHKQGSPIVLMACSNGWASQRWLFRNDGSIYNLHDDMVMDVKRSDPSLKEIILHPYHGKPNQIWLTLF,59113.8722,0.089184061,41.49525617,7.180492592,-0.361290323,527
,P28590,MDKTLKLLILCLAWTCSFSALRCAARTYPPVATNQDQVIKFTTEGATSQSYKQFIEALRQRLTGGLIHDIPVLPDPTTVEERNRYITVELSNSERESIEVGIDVTNAYVVAYRAGSQSYFLRDAPASASTYLFPGTQRYSLRFDGSYGDLERWAHQTREEISLGLQALTHAISFLRSGASNDEEKARTLIVIIQMASEAARYRYISNRVGVSIRTGTAFQPDPAMLSLENNWDNLSGGVQQSVQDTFPNNVILSSINRQPVVVDSLSHPTVAVLALMLFVCNPPNANQSPLLIRSIVEESKICSSRYEPTVRIGGRDGMCVDVYDDGYHNGNRIIAWKCKDRLEENQLWTLKSDKTIRSNGKCLTTEGYAPGNYVMIYDCTSAVAEATYWEIWDNGTIINPKSALVLSAESSSMGGTLTVQTNEYLMRQGWRTGNNTSPFVTSISGYSDLCMQAQGSNVWLADCDNNKKEQQWALYTDGSIRSVQNTNNCLTSKDHKQGSPIVLMACSNGWASQRWLFKNDGSIYNLHDDMVMDVKRSDPSLKEIILHPYHGKPNQIWLTLF,62817.1093,0.087188612,41.13398577,5.922532082,-0.324733096,562
,Q06076,QDQVIKFTTEGATSQSYKQFIEALRQRLTGGLIHDIPVLPDPTTVEERNRYITVELSNSERESIEVGIDVTNAYVVAYRAGSQSYFLRDAPASASTYLFPGTQRYSLRFDGSYGDLERWAHQTREEISLGLQALTHAISFLRSGASNDEEKARTLIVIIQMASEAARYRCISNRVGVSIRTGTAFQPDPAMLSLENNWDNLSGGVQQSVQDAFPNNVILSSINRQPVVVDSLSHPTVAVLALMLFVCNPPNANQSPLLIRSIVEESKICSSRYEPTVRIGGRDGMCVDVYDDGYHNGNRIIAWKCKDRLEENQLWTLKSDLTIRSNGKCLTTEGYAPGNYVMIYDCTSAVAEATYWEIWDNGTIINPKSALVLSAESSSMGGTLTVQTNEYLMRQGWRTGNNTSPFVTSISGYSDLCMQAQGSNVWLADCDNNKKEQQWALYTDGSIRSVQNTNNCLTSKDHKQGSPIVLMACSNGWASQRWLFKNDGSIYSLYDDMVMDVKGSDPSLKQIILWPYTGKPNQIWLTLF,58869.451,0.089015152,41.69545455,5.282411385,-0.329734848,528
,P07504,KSCCRNTWARNCYNVCRLPGTISREICAKKCDCKIISGTTCPSDYPK,5288.1635,0.063829787,34.95319149,9.064142036,-0.510638298,47
,P00587,MSRKLFASILIGALLGIGAPPSAHAGADDVVDSSKSFVMENFSSYHGTKPGYVDSIQKGIQKPKSGTQGNYDDDWKGFYSTDNKYDAAGYSVDNENPLSGKAGGVVKVTYPGLTKVLALKVDNAETIKKELGLSLTEPLMEQVGTEEFIKRFGDGASRVVLSLPFAEGSSSVEYINNWEQAKALSVELEINFETRGKRGQDAMYEYMAQACAGNRVRRSVGSSLSCINLDWDVIRDKTKTKIESLKEHGPIKNKMSESPNKTVSEEKAKQYLEEFHQTALEHPELSELKTVTGTNPVFAGANYAAWAVNVAQVIDSETADNLEKTTAALSILPGIGSVMGIADGAVHHNTEEIVAQSIALSSLMVAQAIPLVGELVDIGFAAYNFVESIINLFQVVHNSYNRPAYSPGHKTQPFLHDGYAVSWNTVEDSIIRTGFQGESGHDIKITAENTPLPIAGVLLPTIPGKLDVNKSKTHISVNGRKIRMRCRAIDGDVTFCRPKSPVYVGNGVHANLHVAFHRSSSEKIHSNEISSDSIGVLGYQKTVDHTKVNSKLSLFFEIKS,60813.8573,0.075,35.21948214,6.122150612,-0.275357143,560
,Q00496,MPKINSFNYNDPVNDRTILYIKPGGCQEFYKSFNIMKNIWIIPERNVIGTTPQDFHPPTSLKNGDSSYYDPNYLQSDEEKDRFLKIVTKIFNRINNNLSGGILLEELSKANPYLGNDNTPDNQFHIGDASAVEIKFSNGSQDILLPNVIIMGAEPDLFETNSSNISLRNNYMPSNHRFGSIAIVTFSPEYSFRFNDNCMNEFIQDPALTLMHELIHSLHGLYGAKGITTKYTITQKQNPLITNIRGTNIEEFLTFGGTDLNIITSAQSNDIYTNLLADYKKIASKLSKVQVSNPLLNPYKDVFEAKYGLDKDASGIYSVNINKFNDIFKKLYSFTEFDLRTKFQVKCRQTYIGQYKYFKLSNLLNDSIYNISEGYNINNLKVNFRGQNANLNPRIITPITGRGLVKKIIRFCKNIVSVKGIRKSICIEINNGELFFVASENSYNDDNINTPKEIDDTVTSNNNYENDLDQVILNFNSESAPGLSDEKLNLTIQNDAYIPKYDSNGTSDIEQHDVNELNVFFYLDAQKVPEGENNVNLTSSIDTALLEQPKIYTFFSSEFINNVNKPVQAALFVSWIQQVLVDFTTEANQKSTVDKIADISIVVPYIGLALNIGNEAQKGNFKDALELLGAGILLEFEPELLIPTILVFTIKSFLGSSDNKNKVIKAINNALKERDEKWKEVYSFIVSNWMTKINTQFNKRKEQMYQALQNQVNAIKTIIESKYNSYTLEEKNELTNKYDIKQIENELNQKVSIAMNNIDRFLTESSISYLMKIINEVKINKLREYDENVKTYLLNYIIQHGSILGESQQELNSMVTDTLNNSIPFKLSSYTDDKILISYFNKFFKRIKSSSVLNMRYKNDKYVDTSGYDSNININGDVYKYPTNKNQFGIYNDKLSEVNISQNDYIIYDNKYKNFSISFWVRIPNYDNKIVNVNNEYTIINCMRDNNSGWKVSLNHNEIIWTFEDNRGINQKLAFNYGNANGISDYINKWIFVTITNDRLGDSKLYINGNLIDQKSILNLGNIHVSDNILFKIVNCSYTRYIGIRYFNIFDKELDETEIQTLYSNEPNTNILKDFWGNYLLYDKEYYLLNVLKPNNFIDRRKDSTLSINNIRSTILLANRLYSGIKVKIQRVNNSSTNDNLVRKNDQVYINFVASKTHLFPLYADTATTNKEKTIKISSSGNRFNQVVVMNSVGNCTMNFKNNNGNNIGLLGFKADTVVASTWYYTHMRDHTNSNGCFWNFISEEHGWQEK,143842.3694,0.114308553,29.49170264,6.178421211,-0.45891287,1251
,P30996,MPVAINSFNYNDPVNDDTILYMQIPYEEKSKKYYKAFEIMRNVWIIPERNTIGTNPSDFDPPASLKNGSSAYYDPNYLTTDAEKDRYLKTTIKLFKRINSNPAGKVLLQEISYAKPYLGNDHTPIDEFSPVTRTTSVNIKLSTNVESSMLLNLLVLGAGPDIFESCCYPVRKLIDPDVVYDPSNYGFGSINIVTFSPEYEYTFNDISGGHNSSTESFIADPAISLAHELIHALHGLYGARGVTYEETIEVKQAPLMIAEKPIRLEEFLTFGGQDLNIITSAMKEKIYNNLLANYEKIATRLSEVNSAPPEYDINEYKDYFQWKYGLDKNADGSYTVNENKFNEIYKKLYSFTESDLANKFKVKCRNTYFIKYEFLKVPNLLDDDIYTVSEGFNIGNLAVNNRGQSIKLNPKIIDSIPDKGLVEKIVKFCKSVIPRKGTKAPPRLCIRVNNSELFFVASESSYNENDINTPKEIDDTTNLNNNYRNNLDEVILDYNSQTIPQISNRTLNTLVQDNSYVPRYDSNGTSEIEEYDVVDFNVFFYLHAQKVPEGETNISLTSSIDTALLEESKDIFFSSEFIDTINKPVNAALFIDWISKVIRDFTTEATQKSTVDKIADISLIVPYVGLALNIIIEAEKGNFEEAFELLGVGILLEFVPELTIPVILVFTIKSYIDSYENKNKAIKAINNSLIEREAKWKEIYSWIVSNWLTRINTQFNKRKEQMYQALQNQVDAIKTAIEYKYNNYTSDEKNRLESEYNINNIEEELNKKVSLAMKNIERFMTESSISYLMKLINEAKVGKLKKYDNHVKSDLLNYILDHRSILGEQTNELSDLVTSTLNSSIPFELSSYTNDKILIIYFNRLYKKIKDSSILDMRYENNKFIDISGYGSNISINGNVYIYSTNRNQFGIYNSRLSEVNIAQNNDIIYNSRYQNFSISFWVRIPKHYKPMNHNREYTIINCMGNNNSGWKISLRTVRDCEIIWTLQDTSGNKENLIFRYEELNRISNYINKWIFVTITNNRLGNSRIYINGNLIVEKSISNLGDIHVSDNILFKIVGCDDETYVGIRYFKVFNTELDKTEIETLYSNEPDPSILKNYWGNYLLYNKKYYLFNLLRKDKYITLNSGILNINQQRGVTEGSVFLNYKLYEGVEVIIRKNGPIDISNTDNFVRKNDLAYINVVDRGVEYRLYADTKSEKEKIIRTSNLNDSLGQIIVMDSIGNNCTMNFQNNNGSNIGLLGFHSNNLVASSWYYNNIRRNTSSNGCFWSSISKENGWKE,146707.6614,0.115384615,32.20432496,5.392394829,-0.431318681,1274
,P10844,MPVTINNFNYNDPIDNNNIIMMEPPFARGTGRYYKAFKITDRIWIIPERYTFGYKPEDFNKSSGIFNRDVCEYYDPDYLNTNDKKNIFLQTMIKLFNRIKSKPLGEKLLEMIINGIPYLGDRRVPLEEFNTNIASVTVNKLISNPGEVERKKGIFANLIIFGPGPVLNENETIDIGIQNHFASREGFGGIMQMKFCPEYVSVFNNVQENKGASIFNRRGYFSDPALILMHELIHVLHGLYGIKVDDLPIVPNEKKFFMQSTDAIQAEELYTFGGQDPSIITPSTDKSIYDKVLQNFRGIVDRLNKVLVCISDPNININIYKNKFKDKYKFVEDSEGKYSIDVESFDKLYKSLMFGFTETNIAENYKIKTRASYFSDSLPPVKIKNLLDNEIYTIEEGFNISDKDMEKEYRGQNKAINKQAYEEISKEHLAVYKIQMCKSVKAPGICIDVDNEDLFFIADKNSFSDDLSKNERIEYNTQSNYIENDFPINELILDTDLISKIELPSENTESLTDFNVDVPVYEKQPAIKKIFTDENTIFQYLYSQTFPLDIRDISLTSSFDDALLFSNKVYSFFSMDYIKTANKVVEAGLFAGWVKQIVNDFVIEANKSNTMDKIADISLIVPYIGLALNVGNETAKGNFENAFEIAGASILLEFIPELLIPVVGAFLLESYIDNKNKIIKTIDNALTKRNEKWSDMYGLIVAQWLSTVNTQFYTIKEGMYKALNYQAQALEEIIKYRYNIYSEKEKSNINIDFNDINSKLNEGINQAIDNINNFINGCSVSYLMKKMIPLAVEKLLDFDNTLKKNLLNYIDENKLYLIGSAEYEKSKVNKYLKTIMPFDLSIYTNDTILIEMFNKYNSEILNNIILNLRYKDNNLIDLSGYGAKVEVYDGVELNDKNQFKLTSSANSKIRVTQNQNIIFNSVFLDFSVSFWIRIPKYKNDGIQNYIHNEYTIINCMKNNSGWKISIRGNRIIWTLIDINGKTKSVFFEYNIREDISEYINRWFFVTITNNLNNAKIYINGKLESNTDIKDIREVIANGEIIFKLDGDIDRTQFIWMKYFSIFNTELSQSNIEERYKIQSYSEYLKDFWGNPLMYNKEYYMFNAGNKNSYIKLKKDSPVGEILTRSKYNQNSKYINYRDLYIGEKFIIRRKSNSQSINDDIVRKEDYIYLDFFNLNQEWRVYTYKYFKKEEEKLFLAPISDSDEFYNTIQIKEYDEQPTYSCQLLFKKDEESTDEIGLIGIHRFYESGIVFEEYKDYFCISKWYLKEVKRKPYNLKLGCNWQFIPKDEGWTE,150800.6811,0.134004648,32.03774593,5.232506752,-0.418900077,1291
,P19321,MTWPVKDFNYSDPVNDNDILYLRIPQNKLITTPVKAFMITQNIWVIPERFSSDTNPSLSKPPRPTSKYQSYYDPSYLSTDEQKDTFLKGIIKLFKRINERDIGKKLINYLVVGSPFMGDSSTPEDTFDFTRHTTNIAVEKFENGSWKVTNIITPSVLIFGPLPNILDYTASLTLQGQQSNPSFEGFGTLSILKVAPEFLLTFSDVTSNQSSAVLGKSIFCMDPVIALMHELTHSLHQLYGINIPSDKRIRPQVSEGFFSQDGPNVQFEELYTFGGLDVEIIPQIERSQLREKALGHYKDIAKRLNNINKTIPSSWISNIDKYKKIFSEKYNFDKDNTGNFVVNIDKFNSLYSDLTNVMSEVVYSSQYNVKNRTHYFSRHYLPVFANILDDNIYTIRDGFNLTNKGFNIENSGQNIERNPALQKLSSESVVDLFTKVCLRLTKNSRDDSTCIKVKNNRLPYVADKDSISQEIFENKIITDETNVQNYSDKFSLDESILDGQVPINPEIVDPLLPNVNMEPLNLPGEEIVFYDDITKYVDYLNSYYYLESQKLSNNVENITLTTSVEEALGYSNKIYTFLPSLAEKVNKGVQAGLFLNWANEVVEDFTTNIMKKDTLDKISDVSVIIPYIGPALNIGNSALRGNFNQAFATAGVAFLLEGFPEFTIPALGVFTFYSSIQEREKIIKTIENCLEQRVKRWKDSYQWMVSNWLSRITTQFNHINYQMYDSLSYQADAIKAKIDLEYKKYSGSDKENIKSQVENLKNSLDVKISEAMNNINKFIRECSVTYLFKNMLPKVIDELNKFDLRTKTELINLIDSHNIILVGEVDRLKAKVNESFENTMPFNIFSYTNNSLLKDIINEYFNSINDSKILSLQNKKNALVDTSGYNAEVRVGDNVQLNTIYTNDFKLSSSGDKIIVNLNNNILYSAIYENSSVSFWIKISKDLTNSHNEYTIINSIEQNSGWKLCIRNGNIEWILQDVNRKYKSLIFDYSESLSHTGYTNKWFFVTITNNIMGYMKLYINGELKQSQKIEDLDEVKLDKTIVFGIDENIDENQMLWIRDFNIFSKELSNEDINIVYEGQILRNVIKDYWGNPLKFDTEYYIINDNYIDRYIAPESNVLVLVQYPDRSKLYTGNPITIKSVSDKNPYSRILNGDNIILHMLYNSRKYMIIRDTDTIYATQGGECSQNCVYALKLQSNLGNYGIGIFSIKNIVSKNKYCSQIFSSFRENTMLLADIYKPWRFSFKNAYTPVAVTNYETKLLSTSSFWKFISRDPGWVE,146870.4967,0.117554859,42.44100313,5.451677895,-0.365047022,1276
,P30995,MPTINSFNYNDPVNNRTILYIKPGGCQQFYKSFNIMKNIWIIPERNVIGTIPQDFLPPTSLKNGDSSYYDPNYLQSDQEKDKFLKIVTKIFNRINDNLSGRILLEELSKANPYLGNDNTPDGDFIINDASAVPIQFSNGSQSILLPNVIIMGAEPDLFETNSSNISLRNNYMPSNHGFGSIAIVTFSPEYSFRFKDNSMNEFIQDPALTLMHELIHSLHGLYGAKGITTKYTITQKQNPLITNIRGTNIEEFLTFGGTDLNIITSAQSNDIYTNLLADYKKIASKLSKVQVSNPLLNPYKDVFEAKYGLDKDASGIYSVNINKFNDIFKKLYSFTEFDLATKFQVKCRQTYIGQYKYFKLSNLLNDSIYNISEGYNINNLKVNFRGQNANLNPRIITPITGRGLVKKIIRFCKNIVSVKGIRKSICIEINNGELFFVASENSYNDDNINTPKEIDDTVTSNNNYENDLDQVILNFNSESAPGLSDEKLNLTIQNDAYIPKYDSNGTSDIEQHDVNELNVFFYLDAQKVPEGENNVNLTSSIDTALLEQPKIYTFFSSEFINNVNKPVQAALFVGWIQQVLVDFTTEANQKSTVDKIADISIVVPYIGLALNIGNEAQKGNFKDALELLGAGILLEFEPELLIPTILVFTIKSFLGSSDNKNKVIKAINNALKERDEKWKEVYSFIVSNWMTKINTQFNKRKEQMYQALQNQVNALKAIIESKYNSYTLEEKNELTNKYDIEQIENELNQKVSIAMNNIDRFLTESSISYLMKLINEVKINKLREYDENVKTYLLDYIIKHGSILGESQQELNSMVIDTLNNSIPFKLSSYTDDKILISYFNKFFKRIKSSSVLNMRYKNDKYVDTSGYDSNININGDVYKYPTNKNQFGIYNDKLSEVNISQNDYIIYDNKYKNFSISFWVRIPNYDNKIVNVNNEYTIINCMRDNNSGWKVSLNHNEIIWTLQDNSGINQKLAFNYGNANGISDYINKWIFVTITNDRLGDSKLYINGNLIDKKSILNLGNIHVSDNILFKIVNCSYTRYIGIRYFNIFDKELDETEIQTLYNNEPNANILKDFWGNYLLYDKEYYLLNVLKPNNFINRRTDSTLSINNIRSTILLANRLYSGIKVKIQRVNNSSTNDNLVRKNDQVYINFVASKTHLLPLYADTATTNKEKTIKISSSGNRFNQVVVMNSVGNCTMNFKNNNGNNIGLLGFKADTVVASTWYYTHMRDNTNSNGFFWNFISEEHGWQEK,143395.0399,0.113509193,29.7053717,6.066050529,-0.421902478,1251
,Q7BQ98,MKKTLLIAASLSFFSASALATPDCVTGKVEYTKYNDDDTFTVKVGDKELFTNRWNLQSLLLSAQITGMTVTIKTNACHNGGGFSEVIFR,9743.0465,0.101123596,24.30449438,7.769344521,0.031460674,89
,P01857,ASTKGPSVFPLAPSSKSTSGGTAALGCLVKDYFPEPVTVSWNSGALTSGVHTFPAVLQSSGLYSLSSVVTVPSSSLGTQTYICNVNHKPSNTKVDKKVEPKSCDKTHTCPPCPAPELLGGPSVFLFPPKPKDTLMISRTPEVTCVVVDVSHEDPEVKFNWYVDGVEVHNAKTKPREEQYNSTYRVVSVLTVLHQDWLNGKEYKCKVSNKALPAPIEKTISKAKGQPREPQVYTLPPSRDELTKNQVSLTCLVKGFYPSDIAVEWESNGQPENNYKTTPPVLDSDGSFFLYSKLTVDKSRWQQGNVFSCSVMHEALHNHYTQKSLSLSPELQLEESCAEAQDGELDGLWTTITIFITLFLLSVCYSATVTFFKVKWIFSSVVDLKQTIIPDYRNMIGQGA,43911.3798,0.090225564,44.16819549,6.54963665,-0.269924812,399
919.3381828,A8W7P1,MSDINATRLPIWGIGCDPCIGDDVTILLTRGE,3445.9389,0.03125,25.5625,4.224183083,0.25625,32
918.3541672,A8W7M4,MSDINATRLPIWGIGCNPCVGDDVTTLLTRGEALC,3706.2522,0.028571429,7.82,4.225490379,0.308571429,35
,P67876,MVAIKNLFLLAATAVSVLAAPSPLDARATWTCINQQLNPKTNKWEDKRLLYSQAKAESNSHHAPLSDGKTGSSYPHWFTNGYDGNGKLIKGRTPIKFGKADCDRPPKHSQNGMGKDDHYLLEFPTFPDGHDYKFDSKKPKEDPGPARVIYTYPNKVFCGIVAHQRGNQGDLRLCSH,19594.9194,0.096590909,24.75,9.229696846,-0.7375,176
,P00655,MVAIKNLVLVALTAVTALAVPSPLEARAVTWTCLNDQKNPKTNKYETKRLLYNQNKAESNSHHAPLSDGKTGSSYPHWFTNGYDGDGKLPKGRTPIKFGKSDCDRPPKHSKDGNGKTDHYLLEFPTFPDGHDYKFDSKKPKENPGPARVIYTYPNKVFCGIIAHTKENQGELKLCSH,19724.0884,0.09039548,22.01977401,9.255806541,-0.825988701,177
,P00750,MDAMKRGLCCVLLLCGAVFVSPSQEIHARFRRGARSYQVICRDEKTQMIYQQHQSWLRPVLRSNRVEYCWCNSGRAQCHSVPVKSCSEPRCFNGGTCQQALYFSDFVCQCPEGFAGKCCEIDTRATCYEDQGISYRGTWSTAESGAECTNWNSSALAQKPYSGRRPDAIRLGLGNHNYCRNPDRDSKPWCYVFKAGKYSSEFCSTPACSEGNSDCYFGNGSAYRGTHSLTESGASCLPWNSMILIGKVYTAQNPSAQALGLGKHNYCRNPDGDAKPWCHVLKNRRLTWEYCDVPSCSTCGLRQYSQPQFRIKGGLFADIASHPWQAAIFAKHRRSPGERFLCGGILISSCWILSAAHCFQERFPPHHLTVILGRTYRVVPGEEEQKFEVEKYIVHKEFDDDTYDNDIALLQLKSDSSRCAQESSVVRTVCLPPADLQLPDWTECELSGYGKHEALSPFYSERLKEAHVRLYPSSRCTSQHLLNRTVTDNMLCAGDTRSGGPQANLHDACQGDSGGPLVCLNDGRMTLVGIISWGLGCGQKDVPGVYTKVTNYLDWIRDNMRP,62916.4558,0.097864769,47.17813167,8.135603905,-0.462633452,562
,P00779,MKNYLSFGMFALLFALTFGTVNSVQAIAGPEWLLDRPSVNNSQLVVSVAGTVEGTNQDISLKFFEIDLTSRPAHGGKTEQGLSPKSKPFATDSGAMSHKLEKADLLKAIQEQLIANVHSNDDYFEVIDFASDATITDRNGKVYFADKDGSVTLPTQPVQEFLLSGHVRVRPYKEKPIQNQAKSVDVEYTVQFTPLNPDDDFRPGLKDTKLLKTLAIGDTITSQELLAQAQSILNKNHPGYTIYERDSSIVTHDNDIFRTILPMDQEFTYRVKNREQAYRINKKSGLNEEINNTDLISEKYYVLKKGEKPYDPFDRSHLKLFTIKYVDVDTNELLKSEQLLTASERNLDFRDLYDPRDKAKLLYNNLDAFGIMDYTLTGKVEDNHDDTNRIITVYMGKRPEGENASYHLAYDKDRYTEEEREVYSYLRYTGTPIPDNPNDK,50139.5011,0.097727273,22.89204545,5.176008797,-0.629545455,440